eid,gp2025,fp2025
4872587,30,1637
42359,32,1771
4905921,154,1278
42403,157,1486
36018,48,324
39832,158,2231
36969,160,1653
35983,155,1343
5016968,137,983
4719507,32,1821
42404,141,1386
30948,21,1275
4717833,156,1250
33712,162,1609
5080761,15,573
4730225,60,1009
32801,158,1477
42409,31,2039
34943,32,1336
32512,126,1248
5134581,14,619
4918256,157,1098
30951,132,1202
32767,162,1444
39667,32,1539
4917694,162,1217
4927516,13,412
39895,150,1089
31267,24,1557
36185,95,838
33192,152,1802
41179,155,1309
42402,144,1136
4987924,76,1019
4810190,123,885
41221,25,1273
4684778,108,383
37498,162,1511
32685,32,1592
4345070,138,935
30193,147,1310
4345076,31,1288
32796,30,1526
5080771,18,123
33912,152,1357
4917869,131,1087
41219,156,1331
34886,114,918
33783,157,1157
42453,138,983
4619898,7,306
4629089,30,1661
42584,31,1114
32082,32,1415
41044,160,1343
36488,160,1122
41917,142,1018
4433874,8,481
33039,150,1319
42507,154,1218
41109,72,952
31097,159,1225
33481,150,1253
30442,67,1077
41216,34,1680
4725251,119,597
42470,159,922
34967,136,1239
39572,154,1246
35002,156,1443
4717803,31,1678
30836,130,844
4142424,151,1115
41282,26,556
33748,11,546
35241,31,874
42450,31,1488
38303,64,943
33190,18,782
40429,15,571
32129,160,1546
4917888,74,676
42468,155,1029
4872691,114,832
38980,154,846
4416591,144,976
41292,159,1583
40459,138,1021
42406,23,965
33859,163,1352
32760,48,901
32667,32,1449
33710,141,1270
39712,135,717
33618,70,837
39961,134,1125
5134630,25,967
41355,161,1596
4990055,112,753
41326,138,980
32655,126,1203
4345620,125,673
41433,130,1023
4297835,32,2070
40939,64,1001
40973,31,971
42179,157,1114
38904,139,1237
4966140,7,92
32675,29,818
41287,152,1032
31174,22,1232
4917854,20,750
39825,33,1628
41889,107,795
35013,83,396
41197,65,270
40884,73,681
4917878,5,282
31662,155,1112
32640,31,940
4917889,91,675
42178,90,479
42464,82,565
34945,150,1100
4326697,61,611
39817,26,1171
4308037,10,269
41996,156,1121
5080767,71,529
36581,31,1351
32159,155,1135
33372,40,849
4345164,12,412
42598,123,991
41610,157,1133
35304,121,591
32175,32,1347
32078,139,1346
4867679,28,806
41273,125,1037
42480,27,778
4987382,153,969
31127,155,1010
4966637,117,1228
4719324,133,907
40080,50,739
4311625,6,353
38309,110,863
35066,146,1360
41509,42,456
3210625,33,617
4345278,31,1155
4666100,128,1080
4683375,11,255
31283,150,1182
4629081,138,759
34982,102,594
33224,67,807
39636,30,1153
32691,102,884
5294127,16,339
33303,100,748
34923,157,1162
4977664,49,423
39640,18,970
33403,70,930
33696,33,1618
4905884,159,1224
36071,31,1574
42457,81,220
4926296,62,215
39706,102,759
33709,17,527
5134621,149,1023
34401,31,1289
32758,154,1075
42417,146,1057
35394,62,1069
4297897,22,395
32532,135,1038
4417208,24,949
35183,144,932
33377,134,915
4686066,157,1131
33804,145,1185
4417203,24,570
4679983,108,665
4109109,160,1453
41054,13,632
33675,159,1202
4917865,75,990
35124,32,1243
41587,115,633
5007615,134,882
4949041,3,113
33857,127,905
42081,130,812
37515,12,664
4781491,143,822
40926,162,1221
32827,33,965
4301067,28,762
4307825,23,796
4417806,15,711
29630,62,770
42433,29,1232
42415,154,1318
33841,71,864
42180,61,718
40810,106,871
32367,159,1223
4917812,20,169
4669425,19,458
34984,22,632
4414528,29,1225
35135,61,595
5132011,33,1096
40854,150,956
42604,73,725
32146,127,954
4719300,125,999
4148749,70,976
41208,70,937
41773,118,953
4872685,71,625
39910,33,1128
39909,58,543
41311,113,699
5132014,136,884
34895,159,1089
4414531,27,87
42823,26,725
39639,31,1087
4208281,31,1197
4654313,18,404
40803,127,667
34973,16,597
33837,31,1173
42796,117,890
41169,120,768
5006093,62,705
4875225,54,671
39875,26,407
41178,8,257
42239,21,751
4866735,55,438
41167,28,1035
36181,134,839
42135,117,647
42488,34,793
5134638,10,180
5080633,149,960
32985,37,218
39635,19,1068
4417795,141,1045
4917646,31,122
42410,97,505
34873,26,864
41201,20,921
4345404,22,666
34995,139,1077
41217,111,535
4683325,7,267
4301949,94,502
4721302,33,940
32968,32,1308
4311634,96,489
32517,140,852
4927630,36,415
4424286,155,1225
39804,70,546
4414339,12,199
31606,136,903
42437,131,663
40944,26,1075
4917919,150,905
4999876,82,302
4424112,57,367
4722847,28,576
4424141,17,447
31261,106,717
40912,7,305
33900,122,795
41325,43,673
34026,81,654
40917,75,773
34861,67,853
41455,74,665
42996,6,200
3107919,27,758
34230,119,579
5073992,114,583
35591,136,749
5182933,20,484
35009,22,164
4791597,16,494
42898,21,353
5132012,40,143
4863321,4,215
32177,134,677
5085893,4,-14
39674,62,839
40635,105,564
39907,96,680
41516,25,671
5001153,41,191
5136929,119,662
30583,77,589
40937,25,715
33840,22,787
39631,107,647
4109034,31,586
32150,157,1234
33722,32,1008
4345621,82,434
42455,86,490
4414002,23,594
4726080,7,153
32797,109,669
39878,11,498
5080641,76,348
5149064,10,30
5116839,17,229
4622181,29,1018
4722857,142,1014
4142421,22,796
42497,136,603
39642,157,952
31098,11,319
37793,67,650
38827,68,309
5194333,33,362
32145,65,723
42979,30,150
41253,74,375
5000950,68,584
39882,103,643
39251,26,535
41382,29,322
4298641,85,646
36020,151,1026
4187661,73,730
37729,98,566
40963,68,592
41364,48,517
41415,33,1119
42622,68,770
32653,143,783
4872647,10,255
4424862,17,907
35397,32,997
41172,32,1146
42360,88,302
4692526,23,863
40700,145,867
36618,61,531
4619839,52,169
33770,64,703
42714,130,829
4728688,36,201
4422899,145,801
39801,70,763
5080766,133,607
4683371,84,445
33244,15,455
41014,77,909
4683349,119,708
28976,17,514
4867388,5,9
40921,30,1014
34975,88,491
36380,49,292
32776,15,168
4719511,84,427
40384,55,519
32525,137,1066
40456,65,630
41307,88,590
4683365,128,897
4683384,137,745
33210,155,993
4720856,29,975
33148,32,1150
33860,1,-3
31117,80,715
5291189,4,-29
41264,48,230
5131708,27,880
31027,140,942
42462,138,679
41173,29,832
42214,1,23
4313442,24,75
4717904,4,168
4739755,131,1104
35537,135,792
5012106,36,190
4414525,14,301
4346111,44,182
4743772,77,451
4345192,71,302
4300668,5,168
42664,117,607
4918251,2,22
4228472,108,798
41295,24,128
42394,112,748
35142,130,942
41205,141,781
35872,54,612
32558,81,371
4997589,134,844
41345,70,337
5125167,71,617
41171,136,754
31668,145,849
4722925,42,221
41606,64,774
41939,73,747
34986,116,803
4916269,33,1086
41247,54,541
40422,69,253
4313143,26,240
39915,28,838
36364,135,899
39671,14,595
41595,40,169
4905919,95,566
41308,70,834
41022,4,155
5202600,14,65
5214984,5,84
4872649,25,41
38295,31,1026
4142423,30,719
4298378,34,643
36056,57,483
42414,126,702
38420,142,849
33950,32,962
4448736,133,798
40950,80,794
33750,30,158
32127,124,663
42958,146,790
5002950,8,198
41337,69,672
42211,37,360
34068,49,577
5203102,42,157
33716,68,723
31258,23,822
36950,53,258
4881980,21,624
4417134,20,97
4719068,21,322
42401,119,656
33106,53,585
31392,96,360
42547,153,862
4417606,87,446
33263,29,824
4917685,12,34
35578,130,766
4917927,142,819
5131743,6,8
33842,122,488
36429,67,734
4872686,61,206
31095,28,176
4414210,112,426
41034,121,615
5201821,68,709
4917921,62,401
33218,63,450
41824,15,118
41674,88,234
36543,56,638
35682,131,801
5190073,19,626
4987418,20,146
33856,48,704
4867667,123,691
41261,8,214
32764,16,239
4416990,91,415
4717903,10,8
40934,23,559
4894467,53,561
4152950,36,235
5201814,29,1026
4918155,23,676
4872648,42,173
4621041,4,104
33793,32,385
35292,68,782
40538,152,1028
4416462,28,260
4917640,9,281
33301,65,356
34862,66,690
4991171,16,101
41174,108,521
33229,113,552
42987,75,326
39957,134,687
5002931,47,336
6341,29,908
5266086,7,83
42047,119,385
4418686,12,296
32783,103,399
4959037,35,194
5116851,17,199
4718970,11,189
5136082,67,680
40360,52,480
35291,90,520
41462,23,787
37237,146,703
42884,143,870
36052,32,1072
41263,128,507
41432,29,166
42001,129,595
4630789,69,569
33341,145,855
39680,15,23
42556,11,310
35062,138,754
5007859,14,66
40327,76,751
4872681,73,238
4843048,19,85
33743,94,579
3983833,70,580
39710,3,6
40626,11,306
33557,93,438
4722057,62,507
4109223,76,359
42449,29,1056
3978173,65,588
5016983,17,90
32811,31,975
41344,34,328
33247,151,663
5119607,72,679
40976,1,5
32005,30,283
5012120,118,575
5185136,3,132
32697,26,921
4415658,15,306
41575,19,63
5134614,63,242
31358,85,363
42479,97,204
36409,38,102
4151063,50,184
30791,108,500
4314013,66,263
4345843,130,495
41290,33,659
35759,2,10
4872598,55,309
4866810,48,746
4719088,4,-1
5131986,27,536
41183,120,564
35536,65,367
36133,13,148
4415836,13,334
39646,11,-19
4905859,35,542
33839,31,713
35277,51,426
4917836,24,137
5194684,22,178
40521,10,-16
34951,54,152
36063,28,318
32623,50,414
41227,57,417
39945,69,478
36084,54,179
4712767,17,38
4084179,62,520
40557,108,603
42411,81,302
38905,28,229
4807220,132,588
41318,52,531
4917787,39,114
4917819,23,192
31389,62,199
33215,60,285
36040,129,911
32157,21,732
33809,86,449
34168,54,313
41085,14,565
41359,16,86
42242,8,188
33805,90,293
4414123,7,70
41180,29,134
5005912,20,85
33832,36,54
42959,127,730
4297998,47,239
4619460,147,733
33711,137,541
4619467,34,158
41018,20,230
41893,24,256
42427,104,576
4740117,10,447
4418683,82,243
41684,140,887
41829,9,329
4917925,36,230
37005,70,420
40576,93,539
31187,146,879
40423,140,664
36161,63,736
41215,135,540
33252,5,820
41928,104,363
42933,102,545
5201569,67,302
42949,29,63
4916509,52,487
42925,36,177
4917824,111,460
5123582,26,219
36928,103,724
4019484,6,140
30545,93,478
31313,31,846
41223,57,236
4142414,61,438
4622501,55,423
30830,97,487
4872682,5,8
5085743,22,657
33572,132,603
4917897,24,46
37909,34,237
4298087,13,343
38851,30,122
41194,33,60
33499,71,793
33671,57,410
4326703,2,9
35020,150,642
4722599,52,460
37232,2,12
32804,14,284
32185,32,210
42608,110,430
4927523,50,230
39963,95,467
41065,16,494
4727589,29,76
42171,51,473
4089862,48,289
4872692,31,93
39716,22,279
4307467,59,593
39818,27,732
32134,12,87
40086,56,102
40958,108,641
41586,98,595
34940,89,452
33735,19,407
42592,53,606
35004,98,446
5116843,7,59
41220,31,75
4626232,5,96
4997181,80,403
41383,23,747
4313163,14,150
4838117,13,87
4734319,13,491
32440,67,600
35026,65,449
3983841,69,514
5132121,68,654
32116,31,656
40719,100,552
35042,32,131
5272008,4,-22
37911,7,76
4683350,30,791
30577,2,-13
4626239,83,344
40048,104,362
34166,73,609
4228579,54,317
4020158,1,-9
31399,112,396
39807,30,185
39913,3,16
41405,9,298
4917822,13,20
4649953,39,624
4298639,4,10
32168,61,144
5201985,13,138
41743,48,584
4995802,72,696
40344,128,535
34874,26,242
3985190,63,173
4109031,64,296
39949,74,555
40960,6,-2
33721,50,171
42500,7,22
4917849,14,82
39105,111,548
39645,79,765
41168,90,281
41452,2,66
4621489,23,81
32046,38,212
40787,16,-2
5136815,15,119
41636,31,105
41801,36,69
42701,15,9
36023,48,352
41485,72,542
33594,98,292
42927,103,350
2560565,39,218
4650237,28,84
38106,15,14
38994,98,522
39918,29,123
42826,94,673
4413990,10,101
32106,24,665
30280,122,764
32888,22,204
33142,58,275
5136835,62,286
5136931,3,-2
4917765,3,-6
4722926,2,20
37773,49,160
4297976,38,169
40978,58,169
4621029,2,35
41672,66,177
35268,92,350
4918085,46,126
35773,15,106
35999,33,683
4722676,27,84
28963,23,706
5150939,10,340
4348166,39,324
31864,34,588
40437,69,572
40948,21,21
41017,70,444
42063,44,409
33984,83,454
42641,56,169
36093,59,684
36201,8,133
36202,59,384
28701,135,703
4722939,23,152
4297758,53,172
38628,48,337
30653,14,124
4414362,28,232
39900,46,156
39936,20,235
40767,86,418
40816,42,140
32903,49,382
41177,33,343
41464,43,127
4719337,42,230
33546,134,664
41763,51,177
33667,87,321
33954,14,25
43025,50,256
4418140,58,191
35997,43,408
5197093,43,558
4919929,50,635
37798,76,260
4420745,16,159
38796,54,354
5185107,55,519
40593,101,352
40610,110,525
41009,9,79
42161,66,527
42487,4,4
34958,70,307
35876,55,348
36036,71,501
36088,73,488
36728,33,242
37340,131,396
37974,73,342
29951,67,182
3962127,84,267
4683379,22,106
4749675,13,6
31109,5,101
4872687,3,-54
4905920,18,87
31870,126,722
32156,75,565
40835,33,156
32777,65,524
33172,11,5
4866477,31,106
33411,70,372
41644,37,107
41776,44,544
33816,26,212
4326801,7,79
4326800,46,568
34542,71,525
4721040,19,41
35760,4,10
5197166,21,409
36724,64,543
37825,18,182
31010,57,529
39216,85,413
4414183,5,21
39856,10,50
39871,63,463
32055,15,437
40338,131,368
32151,26,626
40981,7,158
41252,22,58
33191,12,145
41802,49,124
42105,48,203
42692,3,-7
4918160,21,274
36089,19,46
4722962,6,29
4019760,28,205
4635337,29,55
4414361,57,386
5185133,36,246
40702,29,29
40858,43,221
41030,16,74
4916547,57,191
4417465,8,16
3459223,48,393
4917631,5,66
4622931,57,231
36131,42,380
4705673,69,452
36480,8,118
5124114,11,320
3961066,21,166
4411979,66,598
37537,9,9
4987645,32,409
4414243,11,241
4905900,55,416
4717899,10,84
40718,66,150
32530,68,186
32531,22,44
40869,42,112
40900,75,226
32815,9,124
41407,1,-5
41460,17,162
33305,17,291
41515,43,312
4424368,50,162
33691,10,-49
4662616,48,196
42504,70,430
42545,14,27
42735,15,111
5221123,4,10
4917924,18,34
35675,64,214
5196606,59,251
4918159,33,117
36385,30,311
5132036,22,99
36723,61,442
4346117,48,309
29155,33,760
4420749,8,73
5207459,30,120
3332018,14,575
30738,48,544
38958,7,229
4684371,64,197
4987650,138,767
39912,5,11
39924,105,297
4905923,69,959
40337,33,187
40346,25,58
40485,54,373
32377,35,194
32589,19,123
4710478,1,-13
4718623,52,186
41150,23,29
41259,28,62
33072,44,243
33184,28,71
33205,32,49
41397,14,20
33271,22,71
33287,96,404
4424290,8,-5
5202474,16,364
5137038,2,7
33763,14,102
4424742,102,407
33926,10,21
4228448,16,83
42375,33,26
42412,87,375
34287,110,571
42536,43,192
42548,61,150
4179551,11,62
42620,63,458
42623,19,55
42845,37,157
34928,23,130
4417826,10,269
35383,94,433
5270578,41,375
36067,21,237
36170,30,113
4705677,26,563
5000931,37,109
5197473,7,143
5123999,4,41
36974,49,244
4722941,56,306
3994084,19,169
29607,78,234
4912412,27,87
5133834,58,215
4683352,15,17
4683356,33,531
38682,49,185
5265417,40,251
5126205,6,1
31208,116,602
5216700,32,348
40021,30,138
31867,66,453
4414687,109,393
32101,4,17
40354,1,6
5185106,43,144
40559,46,385
5136077,54,487
5291866,1,-10
40922,20,77
40927,39,474
33089,58,402
41310,17,227
41378,1,16
41386,30,318
33202,4,40
33250,43,244
41447,11,25
33325,45,246
41531,5,0
41612,56,410
33452,30,86
33638,55,414
33707,34,141
33786,56,228
4990069,35,269
33956,93,572
42155,2,-3
4424951,18,104
4228247,72,493
42363,31,277
42596,10,29
42829,66,242
4736800,3,-33
43030,69,253
34947,87,303
4917759,39,247
35314,37,194
4917841,3,36
36485,39,252
5001155,28,250
5132624,26,330
5099971,1,29
4919922,13,6
5133837,20,450
30382,109,458
5101355,16,582
30627,125,725
5273591,44,365
30765,42,181
5273851,5,111
39226,76,250
5012056,3,-13
39711,24,71
31755,14,49
4414551,47,709
4717834,25,207
4299966,33,318
4734325,14,240
5217798,1,-8
40462,54,118
40481,7,3
40574,51,109
40655,83,197
40754,77,479
40798,20,30
32672,27,472
40896,11,21
32721,57,179
32751,21,62
32769,8,-7
41000,12,19
4620398,22,427
32833,26,117
41029,17,145
32900,47,153
41103,5,-38
41127,36,300
4415753,3,1
41239,77,218
4415756,4,-34
41309,31,339
41324,7,-25
41349,28,71
41367,7,55
33203,6,38
4088296,6,4
41557,31,170
41584,21,139
5137054,13,14
41849,18,432
33714,1,-6
41907,9,-1
33796,5,-2
33833,26,139
4621424,9,13
42056,44,122
34089,41,0
42413,18,81
42416,66,261
42421,2,25
42434,63,375
42451,30,124
4228723,7,107
4228724,9,421
42683,10,41
4204524,3,-8
34842,3,19
34954,4,-12
34964,19,46
4221113,32,184
4917636,3,-18
4991251,9,171
35185,55,245
5196249,19,514
35276,13,8
35358,7,10
4917779,22,84
4917793,52,122
35440,38,33
35676,35,48
4418346,21,79
36080,12,121
36156,42,271
4345396,3,-2
36497,43,106
36754,56,140
4313208,13,178
36953,21,91
4722917,17,182
28968,11,125
5124556,1,0
29172,20,213
29551,32,110
37802,6,48
4297978,42,164
5264531,1,7
4084958,23,251
38347,62,309
30289,62,92
5002952,32,141
5125912,25,226
4151347,31,146
4987389,13,105
39382,7,17
4413868,1,-20
4413898,55,157
3963340,10,39
4684365,2,69
4413982,1,7
4414154,6,98
4307826,49,101
4414241,11,31
39799,1,15
31670,46,103
39879,7,19
31749,52,338
40351,24,86
40391,3,55
40446,3,1
32273,46,107
40466,27,51
5127801,26,65
40518,21,38
32355,5,8
40634,7,8
40666,22,52
4423337,2,59
32511,13,139
4087614,8,134
32594,21,139
32631,59,396
40851,57,210
40865,4,-24
32680,27,45
32684,37,227
40903,10,101
40915,10,-8
40916,7,-16
40951,15,23
40967,5,42
32787,15,74
32807,18,-8
32810,42,281
41006,2,15
5136509,1,-5
32856,13,24
32859,19,48
41061,40,180
41076,68,185
41184,15,118
41187,8,12
4415654,7,51
41209,15,18
41228,7,-18
41233,41,188
41244,3,8
4415762,31,215
5120296,7,-4
41313,19,30
41329,32,245
41339,5,7
33173,31,765
33180,13,248
41375,2,39
41385,19,138
4997597,24,98
33194,9,241
33196,6,34
41392,1,12
33249,9,156
41461,1,-6
3662290,2,44
33283,1,-9
41526,5,19
41569,28,221
4981312,4,18
4326103,16,-17
4424444,1,0
33599,6,13
41810,9,76
41828,59,402
33732,3,1
4678659,14,156
33790,1,9
33826,2,6
42065,37,249
33878,51,137
4228299,14,-9
42138,3,29
42200,7,41
42228,8,20
4916585,18,138
5014989,12,104
5195258,8,81
42429,17,13
42430,11,3
5015039,17,110
4990459,2,28
42486,25,82
5080514,11,51
42542,10,114
42546,36,192
42711,9,19
42742,6,27
4081461,3,40
42801,16,-4
42822,4,17
42962,15,39
42984,11,66
42985,13,14
34892,7,25
34897,12,60
34980,33,397
4720860,14,-50
35022,49,115
35058,10,43
4991148,5,11
35073,38,115
4991318,2,2
35265,61,171
35284,22,97
4917659,16,190
4917796,3,68
3975795,7,4
4917788,3,82
4999877,5,22
4418343,22,111
4623366,12,27
35844,47,279
4713488,6,57
36006,16,28
36025,26,170
36049,24,363
36068,11,27
36176,59,180
36192,39,216
4009410,31,37
5131856,8,-30
5132025,13,59
36526,58,504
5132192,14,129
5001160,14,39
4927620,6,44
5165292,3,44
3960984,42,55
4346118,29,149
4976999,20,142
4722955,1,-24
4722960,39,252
4993423,2,2
37639,33,86
5116841,11,95
5116856,9,55
29703,67,223
29705,3,16
4297972,12,127
4297994,8,88
5264585,23,131
4298095,10,4
4085111,5,10
5125630,26,105
30189,28,158
4683355,2,15
5133869,29,109
38582,13,21
4208302,7,52
4020015,30,91
30520,2,5
39085,22,114
6321,2,2
39112,4,17
31026,61,476
31053,4,-75
31094,3,27
4995563,5,-1
31206,3,2
4684369,24,239
5061202,6,92
5012036,5,70
4987652,15,108
4414112,32,294
39681,7,25
4987667,2,-28
39816,21,98
4742103,1,0
39828,1,0
39876,38,255
39899,47,109
39904,4,2
31737,12,25
39947,13,34
5135493,22,95
31944,5,3
4717905,7,32
5201272,13,71
5201199,20,31
40364,14,-14
32219,114,337
4988501,15,96
40519,39,104
4152948,2,9
4881978,8,32
40572,14,26
40622,11,9
5136132,1,11
5201596,6,57
40761,2,37
4218871,2,-9
40999,3,-9
5136495,9,37
41031,56,289
41042,10,138
41073,5,95
41099,1,0
41118,1,-8
32961,14,19
41200,5,1
41206,12,22
41283,13,84
41284,23,53
41289,11,48
33107,19,216
33108,3,1
33123,21,31
41330,1,10
41333,34,169
41351,11,174
41421,8,192
41448,4,9
41473,4,40
41556,3,15
41626,36,98
41691,19,146
5137056,3,33
5137265,7,39
33636,19,18
41852,5,4
41874,18,136
33685,20,86
33728,4,46
41975,25,221
41989,31,45
33820,6,15
42012,3,10
33831,1,53
42023,44,77
42052,5,4
42073,16,46
5202976,10,38
42106,30,79
4424931,10,20
42262,39,159
34187,7,-12
34254,3,19
42459,9,-2
42540,30,214
42589,1,-4
4228651,6,3
42631,15,46
42639,49,319
5203596,3,4
5236382,2,6
42753,48,66
4728692,1,-21
42950,8,12
42966,3,28
34834,13,75
43026,26,13
43031,9,39
34868,6,4
34913,13,154
34936,5,8
34950,6,37
3254447,7,6
5138677,1,25
5015727,9,64
35149,9,0
43393,13,-29
35222,28,203
5196252,1,-2
4721043,1,5
4917842,6,4
4991600,1,32
35439,24,21
4917815,2,-3
5196434,1,-11
3033851,5,19
4999871,10,144
4926295,5,23
5270370,3,-6
4623365,24,90
35831,19,68
5196880,7,8
5221476,22,-16
35949,6,48
36011,4,-12
36013,6,-21
36053,18,55
36110,4,6
4345203,1,-10
4672794,3,25
4705678,14,-8
36462,48,122
5131982,3,4
4345949,3,7
3960910,6,5
4722919,9,89
5124252,12,-24
4722862,30,35
4993411,6,108
29220,4,8
37567,5,16
3896017,9,50
5125257,18,127
37979,25,106
3183870,24,165
38102,12,58
4297882,3,-1
38159,30,241
38190,10,52
38314,7,55
4298336,2,25
5125654,1,40
4019957,9,-36
4208304,5,-25
5134022,26,161
38706,29,185
39120,25,27
39142,2,23
4995355,27,273
31133,3,10
5200390,8,61
31173,6,-4
39400,20,25
31264,7,28
4987419,9,39
4414160,2,-9
39682,8,-18
39738,2,30
4905860,3,30
4414247,10,70
39822,20,118
39835,4,43
39889,12,101
40039,4,-41
31983,9,60
40318,7,43
4087123,11,11
