player,group,gp2025,gp2026,residual2025,residual2026
Andruw Monasterio,POS,53.0,97,0.4482,0.7054
Luis Campusano,POS,10.0,58,-0.2228,0.6998
Jonny DeLuca,POS,20.0,90,0.1305,0.599
Kenley Jansen,RP,62.0,43,0.8843,0.5328
Tyrone Taylor,POS,103.0,82,0.195,0.5312
Jovani Moran,RP,2.0,45,0.047,0.5292
Hayden Wesneski,SP,6.0,7,0.3342,0.5191
Paul Blackburn,RP,15.0,55,0.2138,0.4881
Yuki Matsui,RP,61.0,44,0.058,0.4836
Brent Suter,RP,48.0,49,0.1387,0.4783
Sonny Gray,SP,32.0,26,0.4798,0.4613
Christian Encarnacion-Strand,POS,36.0,42,0.3128,0.4541
George Springer,POS,139.0,110,1.0094,0.4254
Emilio Pagan,RP,70.0,39,0.5567,0.4104
Jake McCarthy,POS,65.0,127,-0.0972,0.3843
Caleb Thielbar,RP,67.0,52,0.6013,0.3622
Taylor Walls,POS,93.0,114,0.4426,0.3588
Ty France,POS,136.0,113,0.0731,0.3493
George Soriano,RP,24.0,64,0.0277,0.3382
Griffin Jax,RP,73.0,30,-0.1855,0.3352
Dylan Cease,SP,32.0,26,-0.0267,0.3262
Josh Hader,RP,48.0,40,0.3546,0.2957
Logan Henderson,SP,5.0,15,0.1503,0.2825
Christian Yelich,POS,150.0,102,0.5232,0.2805
Jeremy Pena,POS,125.0,93,0.2754,0.2788
Oneil Cruz,POS,135.0,80,-0.0418,0.2563
Jeff McNeil,POS,122.0,127,0.2943,0.2533
Mason Miller,RP,60.0,57,0.072,0.2532
Ryan Fernandez,RP,32.0,17,-0.1735,0.253
Michael Wacha,SP,31.0,28,0.01,0.2517
Randal Grichuk,POS,112.0,98,0.0716,0.2503
Tyler Glasnow,SP,18.0,10,0.1328,0.2503
Ryan Jeffers,C,115.0,79,-0.0778,0.2372
Luis Arraez,POS,154.0,135,0.2133,0.2335
Shohei Ohtani,POS,158.0,129,0.1596,0.2322
Ryan Yarbrough,RP,19.0,32,0.766,0.2273
David Hamilton,POS,75.0,104,0.12,0.2236
Cole Sulser,RP,18.0,42,0.1914,0.2181
Brandon Marsh,POS,127.0,135,0.1319,0.2111
James McCann,C,38.0,42,0.2294,0.2014
Blake Snell,SP,11.0,6,0.1929,0.1906
Randy Arozarena,POS,160.0,136,0.0792,0.1862
Joey Wiemer,POS,20.0,27,0.0632,0.181
Yordan Alvarez,POS,48.0,142,-0.0644,0.1806
Brennan Bernardino,RP,55.0,67,0.1557,0.1706
Yandy Diaz,POS,150.0,138,0.173,0.1664
Kevin Kelly,RP,41.0,63,-0.2747,0.1608
Nate Pearson,RP,11.0,33,-0.3242,0.1597
Marcell Ozuna,POS,145.0,69,0.6392,0.1566
Jorge Mateo,POS,36.0,76,-0.1888,0.1557
Brandon Lowe,POS,134.0,134,0.1709,0.1524
Isiah Kiner-Falefa,POS,132.0,46,0.0433,0.1438
Zack Wheeler,SP,24.0,24,0.327,0.1418
Aaron Ashby,RP,43.0,67,0.279,0.1386
Nick Martinez,SP,40.0,27,-0.1877,0.1354
Jacob Young,POS,112.0,119,-0.1355,0.1348
Connor Brogdon,RP,43.0,15,0.1675,0.1332
Chris Sale,SP,21.0,25,0.1132,0.1272
Raisel Iglesias,RP,70.0,52,0.0221,0.1221
Alex Call,POS,98.0,71,0.433,0.1198
Tommy Edman,POS,96.0,65,0.1179,0.1193
David Bednar,RP,64.0,57,0.1022,0.1188
Sean Newcomb,RP,48.0,52,0.1784,0.1184
Gabe Speier,RP,76.0,46,0.2987,0.1177
John King,RP,51.0,50,-0.2231,0.1104
Michael Harris II,POS,159.0,137,-0.0638,0.1047
Miguel Amaya,C,28.0,71,0.3837,0.103
Jake Woodford,RP,22.0,18,-0.0136,0.1027
Tyler Ferguson,RP,56.0,18,0.0622,0.0942
JJ Bleday,POS,97.0,115,-0.0649,0.0941
Pavin Smith,POS,86.0,28,0.5956,0.094
Michael Conforto,POS,137.0,97,-0.0031,0.0928
Tyler Alexander,RP,52.0,65,0.2031,0.091
Rafael Devers,POS,163.0,144,0.0612,0.0906
Francisco Lindor,POS,160.0,85,0.3441,0.09
Manny Machado,POS,159.0,139,0.1782,0.0807
Andrew Vaughn,POS,112.0,96,0.138,0.0785
Payton Tolle,SP,7.0,24,-0.2259,0.074
Bryce Elder,SP,28.0,26,-0.0526,0.0702
Tyler Rogers,RP,81.0,66,0.0725,0.0698
Max Schuemann,POS,84.0,36,-0.0824,0.0696
Miguel Rojas,POS,108.0,88,0.2479,0.0683
Tanner Scott,RP,61.0,62,-0.1078,0.0627
Edouard Julien,POS,63.0,87,-0.1375,0.0522
Javier Baez,POS,124.0,50,0.1231,0.0518
Alek Thomas,POS,135.0,34,0.0547,0.0509
Elly De La Cruz,POS,162.0,124,-0.0226,0.0443
Paul Goldschmidt,POS,140.0,98,0.0355,0.0439
Blake Treinen,RP,32.0,30,-0.0257,0.0419
Seranthony Dominguez,RP,67.0,59,0.1454,0.0417
Alex Bregman,POS,114.0,141,0.0067,0.0386
Graham Ashcraft,RP,62.0,27,-0.0888,0.0369
Eugenio Suarez,POS,159.0,110,0.4281,0.036
Christian Walker,POS,154.0,138,-0.0175,0.0348
Jakob Junis,RP,57.0,46,-0.0477,0.0301
Bryan Hudson,RP,16.0,62,-0.0858,0.0301
Trevor Rogers,SP,18.0,26,0.3222,0.0282
Lars Nootbaar,POS,133.0,73,0.1236,0.0282
Albert Suarez,RP,5.0,27,0.1135,0.0261
Michael Lorenzen,SP,5.0,11,1.7252,0.0253
Joey Ortiz,POS,146.0,107,0.0445,0.022
Bryan De La Cruz,POS,16.0,21,-0.1934,0.022
Trevor Story,POS,157.0,48,0.5492,0.0201
Daniel Lynch IV,RP,57.0,52,-0.0703,0.0195
Enyel De Los Santos,RP,65.0,62,-0.104,0.0131
Ian Happ,POS,150.0,138,0.1276,0.0117
Luis Torrens,C,90.0,80,-0.2084,0.0096
Matt McLain,POS,145.0,115,-0.0218,0.0072
Gleyber Torres,POS,145.0,84,0.0348,0.0068
Tyler Mahle,SP,16.0,24,0.0423,0.0062
MacKenzie Gore,SP,30.0,30,0.0517,0.0056
Dean Kremer,SP,31.0,13,0.1201,0.0036
Ketel Marte,POS,126.0,123,0.0943,0.003
Landon Knack,SP,10.0,3,0.3188,0.0003
Steven Matz,RP,53.0,29,0.003,-0.0009
Shota Imanaga,SP,25.0,28,-0.0288,-0.0065
Aaron Nola,SP,17.0,29,-0.0578,-0.0077
Bryson Stott,POS,146.0,136,0.0155,-0.008
Nico Hoerner,POS,156.0,141,0.084,-0.0082
LaMonte Wade Jr.,POS,76.0,46,-0.1251,-0.0149
Beau Brieske,RP,22.0,11,-0.1838,-0.0152
Logan Gilbert,SP,25.0,28,0.031,-0.0155
Josh Rojas,POS,66.0,36,-0.2458,-0.0158
J.P. Crawford,POS,155.0,98,0.0607,-0.0165
Brandon Nimmo,POS,155.0,138,0.1818,-0.0177
Matt Olson,POS,162.0,143,-0.0433,-0.0181
A.J. Minter,RP,13.0,38,0.0717,-0.0192
Jose Ramirez,POS,158.0,108,0.1153,-0.0205
Corey Seager,POS,102.0,83,0.1131,-0.0205
Nathaniel Lowe,POS,152.0,108,0.0951,-0.0216
Carlos Rodon,SP,33.0,13,0.1139,-0.0227
Cedric Mullins,POS,130.0,122,0.0234,-0.023
Trea Turner,POS,141.0,138,0.2139,-0.0231
Fernando Tatis Jr.,POS,155.0,141,0.0479,-0.0245
Andrew Kittredge,RP,54.0,50,0.2664,-0.0251
Alec Bohm,POS,120.0,135,-0.0429,-0.0283
Jake Meyers,POS,100.0,46,0.2508,-0.0299
Josh Naylor,POS,146.0,134,0.1853,-0.0307
Michael King,SP,15.0,29,-0.0382,-0.031
Trevor Williams,SP,17.0,11,-0.0352,-0.0329
Teoscar Hernandez,POS,134.0,107,0.1019,-0.0336
Blake Perkins,POS,49.0,45,0.1712,-0.034
Kumar Rocker,SP,14.0,27,-0.1287,-0.0362
Andrew Benintendi,POS,116.0,126,0.0781,-0.0372
Austin Slater,POS,61.0,28,0.0423,-0.0401
Ryan Borucki,RP,39.0,21,0.1175,-0.0422
Jazz Chisholm Jr.,POS,130.0,133,0.0859,-0.0441
Jimmy Herget,RP,59.0,46,0.7337,-0.0443
Davis Schneider,POS,80.0,56,0.3097,-0.0448
Steven Kwan,POS,156.0,133,0.053,-0.0473
Jordan Romano,RP,49.0,32,-0.2644,-0.0477
Javier Assad,SP,8.0,23,0.002,-0.0481
Paul Sewald,RP,22.0,53,-0.1375,-0.0489
Daulton Varsho,POS,68.0,124,0.3202,-0.0492
Jose Trevino,C,92.0,41,-0.0169,-0.0492
Orlando Arcia,POS,68.0,17,-0.2115,-0.0513
Jonathan Loaisiga,RP,30.0,60,-0.1268,-0.0536
Mike Yastrzemski,POS,145.0,121,0.2421,-0.0541
Esteury Ruiz,POS,15.0,85,-0.1162,-0.0549
Salvador Perez,POS,155.0,134,0.0661,-0.0555
J.T. Realmuto,C,134.0,106,-0.0565,-0.0589
Wyatt Langford,POS,133.0,92,-0.0939,-0.0615
Jordan Hicks,RP,34.0,46,-0.105,-0.0643
Max Kepler,POS,126.0,41,0.2126,-0.0649
Cal Quantrill,SP,26.0,29,-0.2337,-0.065
Leody Taveras,POS,54.0,122,-0.2086,-0.0687
Jake Irvin,SP,33.0,18,-0.2228,-0.0696
Freddie Freeman,POS,147.0,138,-0.0219,-0.0717
Nicky Lopez,POS,15.0,80,-0.1431,-0.0723
Jeff Hoffman,RP,71.0,63,-0.0079,-0.073
Wandy Peralta,RP,71.0,59,0.0579,-0.074
Bryce Miller,SP,18.0,18,-0.2641,-0.074
Kevin Ginkel,RP,29.0,65,-0.1799,-0.075
Kevin Gausman,SP,32.0,29,0.0371,-0.0758
Brock Burke,RP,69.0,71,-0.2134,-0.0763
Cody Bellinger,POS,152.0,116,0.0211,-0.0773
Myles Straw,POS,111.0,122,0.0628,-0.0779
Orion Kerkering,RP,69.0,60,-0.0808,-0.0781
Austin Hays,POS,103.0,27,0.3027,-0.0805
Mookie Betts,POS,150.0,106,-0.0439,-0.0809
Lance McCullers Jr.,SP,16.0,10,-0.2494,-0.0831
Lourdes Gurriel Jr.,POS,129.0,47,0.1743,-0.0833
Jose Alvarado,RP,28.0,58,0.1846,-0.0841
JP Sears,SP,27.0,8,0.0283,-0.085
Jesus Sanchez,POS,134.0,96,0.0909,-0.0869
Bryce Eldridge,POS,10.0,98,-0.0799,-0.0874
Colt Keith,POS,137.0,130,0.0625,-0.0881
Juan Soto,POS,160.0,92,-0.0278,-0.0883
Martin Perez,SP,11.0,27,-0.0254,-0.0933
Kyle Bradish,SP,6.0,28,0.1653,-0.094
Tyler Kinley,RP,73.0,55,0.0053,-0.1002
Enrique Hernandez,POS,85.0,25,-0.056,-0.1003
Eli Morgan,RP,7.0,16,-0.2694,-0.1007
Evan Phillips,RP,7.0,24,0.0241,-0.1012
Caleb Ferguson,RP,70.0,35,-0.0651,-0.1017
Starling Marte,POS,97.0,56,0.1183,-0.105
Spencer Arrighetti,SP,7.0,21,-0.1106,-0.1066
Coby Mayo,POS,84.0,112,-0.1171,-0.1085
Keibert Ruiz,C,68.0,90,-0.2424,-0.1086
Alejandro Osuna,POS,57.0,73,-0.1822,-0.1099
Jackson Jobe,SP,10.0,6,-0.1636,-0.1103
Sean Murphy,C,93.0,20,-0.1831,-0.1112
Eric Haase,C,30.0,27,-0.1059,-0.1121
Luke Weaver,RP,64.0,52,-0.1019,-0.1126
Santiago Espinal,POS,105.0,30,-0.1602,-0.1142
Bubba Chandler,SP,7.0,27,0.0366,-0.1145
Mitch Garver,C,87.0,47,-0.0933,-0.1146
Josh Smith,POS,143.0,61,0.1028,-0.1166
Tanner Bibee,SP,31.0,29,-0.0286,-0.1194
Yusei Kikuchi,SP,33.0,10,-0.0832,-0.12
Sandy Alcantara,SP,31.0,30,-0.2684,-0.1202
Isaac Paredes,POS,102.0,137,-0.103,-0.1204
Colin Rea,SP,32.0,30,0.0755,-0.1239
Mark Vientos,POS,121.0,78,-0.124,-0.1243
Bobby Witt Jr.,POS,157.0,125,-0.107,-0.1246
Robbie Ray,SP,32.0,28,0.0218,-0.1255
Spencer Torkelson,POS,155.0,140,0.0146,-0.1277
Kyle Tucker,POS,136.0,134,0.0643,-0.1286
Brady Singer,SP,32.0,28,0.1295,-0.1287
Jake Cronenworth,POS,135.0,90,0.0307,-0.1292
Jake Rogers,C,46.0,51,-0.1217,-0.1305
Nick Castellanos,POS,146.0,39,0.0083,-0.1307
Chris Bassitt,SP,32.0,17,0.2104,-0.1386
Connor Joe,POS,38.0,18,-0.2753,-0.1414
Taylor Rogers,RP,57.0,58,-0.0077,-0.1439
Framber Valdez,SP,31.0,28,0.1244,-0.1442
Alejandro Kirk,C,130.0,65,-0.1763,-0.1464
Alex Vesia,RP,68.0,64,-0.0035,-0.1475
Victor Robles,POS,32.0,49,-0.0867,-0.1506
Rob Refsnyder,POS,70.0,53,0.4639,-0.1529
Ronel Blanco,SP,9.0,6,-0.0014,-0.1534
Anthony Volpe,POS,153.0,55,-0.1913,-0.154
Jackson Merrill,POS,114.0,139,-0.0943,-0.1545
Brady House,POS,73.0,78,-0.2977,-0.1556
Hunter Gaddis,RP,73.0,58,-0.097,-0.1598
Tristan Beck,RP,31.0,11,0.4003,-0.16
Sam Moll,RP,23.0,65,-0.0629,-0.1651
Bailey Ober,SP,27.0,22,-0.1837,-0.1655
Dylan Beavers,POS,35.0,86,-0.0593,-0.1656
Andres Gimenez,POS,98.0,127,-0.0995,-0.1667
Ryan Feltner,SP,6.0,22,-0.0047,-0.1674
Adam Frazier,POS,134.0,57,-0.0689,-0.1683
Luis Gil,SP,11.0,5,-0.0931,-0.1687
Tim Herrin,RP,54.0,59,-0.2216,-0.1699
Will Smith,C,110.0,58,-0.0471,-0.1718
Bo Bichette,POS,139.0,141,0.0132,-0.1744
Logan Allen,SP,30.0,7,0.0548,-0.1745
Hoby Milner,RP,73.0,40,0.0056,-0.1748
Lane Thomas,POS,38.0,115,-0.2016,-0.175
Will Benson,POS,85.0,49,0.2302,-0.1755
Oswald Peraza,POS,97.0,105,-0.3303,-0.1793
Ezequiel Tovar,POS,95.0,129,-0.0293,-0.1799
Aaron Civale,SP,23.0,28,-0.0635,-0.1809
Amed Rosario,POS,60.0,81,-0.0925,-0.1824
Corbin Carroll,POS,141.0,140,-0.0352,-0.1832
MJ Melendez,POS,21.0,55,-0.1824,-0.1846
Freddy Fermin,C,104.0,75,-0.1088,-0.1847
Jeffrey Springs,SP,32.0,26,0.0901,-0.1909
Jared Koenig,RP,72.0,9,0.2643,-0.1929
Danny Jansen,C,98.0,52,-0.013,-0.194
Drew Gilbert,POS,34.0,114,-0.1021,-0.1941
Walker Buehler,SP,26.0,28,-0.3019,-0.1952
Ha-Seong Kim,POS,48.0,35,0.2301,-0.1969
Brandon Pfaadt,SP,33.0,26,-0.1655,-0.1972
Griffin Canning,SP,16.0,25,0.1607,-0.1982
Connor Wong,C,56.0,67,-0.3535,-0.1987
Scott Barlow,RP,75.0,36,-0.16,-0.2
Nolan Gorman,POS,108.0,73,-0.1185,-0.2012
Jarren Duran,POS,157.0,135,-0.0665,-0.2054
Vladimir Guerrero Jr.,POS,156.0,129,-0.0855,-0.2054
Adley Rutschman,C,90.0,85,-0.3004,-0.2057
Ronald Acuna Jr.,POS,95.0,90,-0.1594,-0.2058
John Schreiber,RP,74.0,58,-0.0861,-0.2059
David Fry,POS,66.0,79,-0.1315,-0.206
Trent Thornton,RP,33.0,45,-0.112,-0.2086
Jose Urquidy,SP,2.0,10,-0.0949,-0.2099
Merrill Kelly,SP,32.0,26,0.1946,-0.2106
Miles Mikolas,SP,31.0,25,0.1184,-0.2125
Marcus Semien,POS,127.0,123,-0.0381,-0.2138
Brenton Doyle,POS,138.0,64,-0.1035,-0.214
Pierce Johnson,RP,65.0,49,-0.0636,-0.2163
Elias Diaz,C,98.0,72,-0.3093,-0.2167
William Contreras,C,150.0,132,-0.2426,-0.2169
Josh Lowe,POS,108.0,93,-0.02,-0.218
Tyler Holton,RP,70.0,62,-0.2031,-0.218
Luisangel Acuna,POS,81.0,79,-0.1238,-0.2181
Jorbit Vivas,POS,27.0,105,-0.1458,-0.2183
Yainer Diaz,C,143.0,77,-0.2575,-0.2193
Jonah Heim,C,122.0,92,-0.3363,-0.2202
Yennier Cano,RP,65.0,61,-0.2987,-0.2219
Brayan Bello,SP,29.0,22,0.0781,-0.2242
Tobias Myers,RP,22.0,27,-0.0438,-0.2284
Patrick Bailey,C,130.0,93,-0.1915,-0.2315
Evan Carter,POS,62.0,123,-0.0187,-0.2361
Erick Fedde,SP,32.0,30,-0.431,-0.239
Taijuan Walker,SP,34.0,5,-0.197,-0.2396
Gunnar Henderson,POS,154.0,143,-0.1865,-0.2405
Travis d'Arnaud,C,67.0,27,-0.2771,-0.2425
Ryan McMahon,POS,151.0,104,-0.0952,-0.2451
Tyler Wells,SP,4.0,55,0.2384,-0.2476
Colton Cowser,POS,91.0,121,-0.1259,-0.2478
Justin Lawrence,RP,17.0,37,0.2327,-0.2485
Christopher Morel,POS,103.0,30,-0.1556,-0.2502
Tyler Stephenson,C,88.0,112,-0.1727,-0.2503
Carlos Carrasco,SP,11.0,8,-0.0152,-0.2519
German Marquez,SP,26.0,13,-0.4779,-0.2535
Owen Caissie,POS,12.0,102,-0.0973,-0.2568
Seth Lugo,SP,26.0,29,-0.1209,-0.2672
Danny Coulombe,RP,55.0,29,0.1809,-0.2675
Justin Topa,RP,54.0,25,-0.101,-0.2769
Alex Lange,RP,1.0,53,-0.0185,-0.2792
Cristian Javier,SP,8.0,14,-0.1244,-0.2823
James Outman,POS,49.0,71,-0.2104,-0.283
Luis Castillo,SP,32.0,26,-0.0461,-0.2952
Kyle Finnegan,RP,56.0,60,0.0607,-0.3058
Lucas Erceg,RP,61.0,47,-0.045,-0.3074
TJ Friedl,POS,151.0,76,0.0428,-0.3074
Francisco Alvarez,C,74.0,99,-0.1651,-0.3154
Austin Riley,POS,102.0,141,-0.1881,-0.3176
Carter Jensen,C,20.0,133,-0.0684,-0.3241
Camilo Doval,RP,69.0,60,-0.1828,-0.3243
Logan O'Hoppe,C,119.0,82,-0.3542,-0.335
Matt Strahm,RP,66.0,41,0.0086,-0.3421
Chris Paddack,SP,33.0,14,-0.2088,-0.3459
Bailey Falter,SP,26.0,5,0.0783,-0.3979
Ryan Walker,RP,68.0,33,-0.2686,-0.4026
Kodai Senga,SP,22.0,26,-0.0155,-0.4319
Samuel Basallo,C,31.0,101,-0.2714,-0.4343
Jose Suarez,SP,7.0,45,0.0361,-0.4951
