player,org,pos,tier,phase,il,gp,ef,pc,hit,pm_before,pm_after,RA_before,RA_after,RA_delta,dollar_before,dollar_after,dollar_delta,reason
Hunter Brown,Dirty Spikes,SP,T1,,ACTIVE,16,658.0,1677.0,0.84,0.5,0.911,704,1283,579,1.42,2.43,1.01,"rate-based: 41.1 vs 50.8 per appearance, w 0.52"
Blake Snell,KC Gray Hotdogs,SP,T2,,ACTIVE,6,341.0,1125.0,0.6209,0.5,1.172,349,819,470,0.7,1.55,0.85,"rate-based: 56.8 vs 34.1 per appearance, w 0.29"
Carlos Rodon,MidwestBears,SP,T1,,ACTIVE,13,520.0,1388.0,0.72,0.5,0.98,500,979,479,1.01,1.86,0.85,"rate-based: 40.0 vs 42.1 per appearance, w 0.46"
Ronald Acuna Jr.,C-Town Liquors,RF,T2,,ACTIVE,90,697.0,1874.0,0.83,0.5,0.815,778,1268,490,1.56,2.41,0.85,"rate-based: 7.7 vs 12.2 per appearance, w 0.57"
Bryce Miller,KC Gray Hotdogs,SP,T1,,ACTIVE,18,677.0,1436.0,0.88,0.581,0.933,734,1179,445,1.48,2.24,0.76,"rate-based: 37.6 vs 43.5 per appearance, w 0.55"
Jackson Holliday,C-Town Liquors,2B,T3,Established,ACTIVE,91,466.0,1428,0.94,0.5,0.827,671,1110,439,1.35,2.11,0.76,"rate-based: 5.1 vs 7.7 per appearance, w 0.57"
Thomas Saggese,FA (STL),2B,T3,Established,ACTIVE,37,224.0,624,0.96,0.503,1.202,301,720,419,0.61,1.37,0.76,"rate-based: 6.1 vs 3.7 per appearance, w 0.35"
Anthony Volpe,Balking Dead,SS,T3,Established,ACTIVE,55,280.0,1261,0.94,0.5,0.861,593,1021,428,1.19,1.94,0.75,"rate-based: 5.1 vs 7.8 per appearance, w 0.44"
Dean Kremer,FA (BAL),SP,T1,,ACTIVE,13,368.0,927,0.87,0.505,1.003,407,809,402,0.82,1.53,0.71,"rate-based: 28.3 vs 28.1 per appearance, w 0.46"
Jasson Dominguez,FA,LF,T3,Established,ACTIVE,55,249.0,798,0.94,0.5,1.002,375,752,377,0.75,1.43,0.68,"rate-based: 4.5 vs 4.5 per appearance, w 0.44"
Joey Wiemer,FA (WSH),RF,T1,,ACTIVE,27,168.0,583,0.94,0.5,1.163,274,637,363,0.55,1.21,0.66,"rate-based: 6.2 vs 3.8 per appearance, w 0.28"
Jared Jones,C-Town Liquors,SP,T3,Established,ACTIVE,17,593.0,1288.9,0.79,0.64,1.013,652,1031,379,1.31,1.96,0.65,"rate-based: 34.9 vs 34.0 per appearance, w 0.53"
Cade Povich,FA (BAL),SP,T3,Established,ACTIVE,7,173.0,685,0.92,0.5,1.072,315,676,361,0.63,1.28,0.65,"rate-based: 24.7 vs 19.8 per appearance, w 0.32"
Nick Lodolo,FA (was Kansas Sunflower Seeds),SP,T1,,ACTIVE,17,392.0,1168.0,0.9,0.5,0.833,526,876,350,1.06,1.66,0.6,"rate-based: 23.1 vs 35.4 per appearance, w 0.53"
Patrick Sandoval,FA,SP,T1,,ACTIVE,10,264.0,1033,0.7426,0.5,0.944,384,724,340,0.77,1.37,0.6,"rate-based: 26.4 vs 31.3 per appearance, w 0.40"
Hayden Wesneski,Dirty Spikes,SP,T1,,ACTIVE,7,283.0,507,0.82,0.67,1.467,279,610,331,0.56,1.16,0.6,"rate-based: 40.4 vs 15.4 per appearance, w 0.32"
JP Sears,FA (SD),SP,T2,,ACTIVE,8,157.0,857,0.91,0.5,0.924,390,721,331,0.78,1.37,0.59,"rate-based: 19.6 vs 26.0 per appearance, w 0.35"
Ronel Blanco,FA (HOU),SP,T2,,ACTIVE,6,102.0,1211,0.78,0.5,0.862,472,814,342,0.95,1.54,0.59,"rate-based: 17.0 vs 36.7 per appearance, w 0.29"
Tommy Edman,High Cheddar,2B,T2,,ACTIVE,65,477.0,907,0.7807,0.636,1.107,450,784,334,0.91,1.49,0.58,"rate-based: 7.3 vs 5.9 per appearance, w 0.49"
Wyatt Langford,C-Town Liquors,LF,T3,Established,ACTIVE,92,653.0,1347.5,0.86,0.644,0.945,746,1095,349,1.5,2.08,0.58,"rate-based: 7.1 vs 8.0 per appearance, w 0.57"
Matthew Boyd,FA (CHC),SP,T1,,ACTIVE,18,604.0,1211,0.81,0.608,0.958,596,940,344,1.2,1.78,0.58,"rate-based: 33.6 vs 36.7 per appearance, w 0.55"
Albert Suarez,FA,RP,T1,,ACTIVE,27,317.0,756,0.85,0.527,1.023,339,657,318,0.68,1.25,0.57,"rate-based: 11.7 vs 11.1 per appearance, w 0.47"
Alejandro Kirk,FA (was Kansas Sunflower Seeds),C,T1,,ACTIVE,65,396.0,1007,0.87,0.501,0.868,439,760,321,0.88,1.44,0.56,"rate-based: 6.1 vs 8.3 per appearance, w 0.55"
Gleyber Torres,Kansas Sunflower Seeds,2B,T1,,ACTIVE,84,661.0,1197,0.82,0.663,1.006,651,987,336,1.31,1.87,0.56,"rate-based: 7.9 vs 7.8 per appearance, w 0.55"
Grayson Rodriguez,C-Town Liquors,SP,T3,Established,ACTIVE,16,359.0,996,0.8,0.5,0.898,398,716,318,0.8,1.36,0.56,"rate-based: 22.4 vs 28.7 per appearance, w 0.52"
Clay Holmes,FA (NYM),SP,T1,,ACTIVE,15,544.0,919,0.83,0.703,1.136,536,867,331,1.08,1.64,0.56,"rate-based: 36.3 vs 27.8 per appearance, w 0.50"
Max Schuemann,FA,2B,T2,,ACTIVE,36,162.0,576,0.96,0.5,1.063,276,588,312,0.56,1.12,0.56,"rate-based: 4.5 vs 3.7 per appearance, w 0.34"
Josh Rojas,FA,3B,T2,,ACTIVE,36,157.0,704,0.92,0.5,0.986,324,639,315,0.65,1.21,0.56,"rate-based: 4.4 vs 4.6 per appearance, w 0.34"
Nick Castellanos,Balking Dead,RF,T2,,ACTIVE,39,148.0,916.0,0.9,0.5,0.882,412,727,315,0.83,1.38,0.55,"rate-based: 3.8 vs 5.9 per appearance, w 0.36"
Tarik Skubal,KC Gray Hotdogs,SP,T1,,ACTIVE,22,1262.0,1936.0,0.84,0.765,0.988,1244,1607,363,2.5,3.05,0.55,"rate-based: 57.4 vs 58.7 per appearance, w 0.59"
Orlando Arcia,FA (MIN),SS,T2,,ACTIVE,17,60.0,734,0.92,0.5,0.954,338,644,306,0.68,1.22,0.54,"rate-based: 3.5 vs 4.8 per appearance, w 0.20"
LaMonte Wade Jr.,FA,1B,T2,,ACTIVE,46,199.0,692,0.88,0.5,0.987,304,601,297,0.61,1.14,0.53,"rate-based: 4.3 vs 4.5 per appearance, w 0.40"
Corey Seager,Kansas Sunflower Seeds,SS,T2,,ACTIVE,83,582.0,1122.0,0.78,0.629,0.982,550,859,309,1.11,1.63,0.52,"rate-based: 7.0 vs 7.3 per appearance, w 0.55"
Alek Thomas,FA (LAD),CF,T1,,ACTIVE,34,145.0,569,0.94,0.5,1.046,267,559,292,0.54,1.06,0.52,"rate-based: 4.3 vs 3.7 per appearance, w 0.33"
Michael Lorenzen,FA (COL),SP,T1,,ACTIVE,11,242.0,685,0.82,0.5,1.023,281,575,294,0.57,1.09,0.52,"rate-based: 22.0 vs 20.8 per appearance, w 0.42"
Javier Baez,FA (was Balking Dead),SS,T2,,ACTIVE,50,252.0,691.0,0.7607,0.5,1.047,263,550,287,0.53,1.04,0.51,"rate-based: 5.0 vs 4.5 per appearance, w 0.42"
Agustin Ramirez,FA,C,T3,Established,ACTIVE,56,244.0,1169,0.96,0.5,0.769,561,863,302,1.13,1.64,0.51,"rate-based: 4.4 vs 8.8 per appearance, w 0.51"
Yainer Diaz,High Cheddar,C,T1,,ACTIVE,77,430.0,1078,0.94,0.507,0.803,514,814,300,1.03,1.54,0.51,"rate-based: 5.6 vs 8.9 per appearance, w 0.59"
Brad Lord,FA (was KC Gray Hotdogs),RP,T3,Established,ACTIVE,35,551.0,931.5,0.9,0.733,1.099,615,921,306,1.24,1.75,0.51,"rate-based: 15.7 vs 13.0 per appearance, w 0.53"
Ryan Fernandez,FA (STL),RP,T1,,ACTIVE,17,195.0,455,0.9,0.537,1.228,220,503,283,0.44,0.95,0.51,"rate-based: 11.5 vs 6.7 per appearance, w 0.35"
Romy Gonzalez,FA (BOS),1B,T1,,ACTIVE,19,82.0,624,0.89,0.5,1.013,278,563,285,0.56,1.07,0.51,"rate-based: 4.3 vs 4.1 per appearance, w 0.22"
Jake Irvin,FA (WSH),SP,T2,,ACTIVE,18,464.0,975,0.86,0.586,0.937,491,786,295,0.99,1.49,0.5,"rate-based: 25.8 vs 29.5 per appearance, w 0.55"
Noelvi Marte,FA (was KC Gray Hotdogs),3B,T3,Established,ACTIVE,60,193.0,947,0.96,0.5,0.822,455,747,292,0.92,1.42,0.5,"rate-based: 3.2 vs 5.6 per appearance, w 0.47"
Amed Rosario,FA (NYY),3B,T2,,ACTIVE,81,318.0,913,0.92,0.5,0.836,420,702,282,0.84,1.33,0.49,"rate-based: 3.9 vs 5.9 per appearance, w 0.54"
Lars Nootbaar,Balking Dead,LF,T1,,ACTIVE,73,389.0,778.0,0.85,0.61,1.025,403,678,275,0.81,1.29,0.48,"rate-based: 5.3 vs 5.1 per appearance, w 0.51"
Lance McCullers Jr.,FA (was Dirty Spikes),SP,T2,,ACTIVE,10,229.0,954.0,0.6768,0.5,0.925,323,597,274,0.65,1.13,0.48,"rate-based: 22.9 vs 28.9 per appearance, w 0.40"
Bailey Ober,MidwestBears,SP,T2,,ACTIVE,22,624.0,1297.0,0.87,0.591,0.851,667,960,293,1.34,1.82,0.48,"rate-based: 28.4 vs 39.3 per appearance, w 0.59"
Nolan Gorman,FA (was High Cheddar),3B,T1,,ACTIVE,73,266.0,922,0.92,0.5,0.819,424,695,271,0.85,1.32,0.47,"rate-based: 3.6 vs 6.0 per appearance, w 0.51"
Christian Encarnacion-Strand,FA,1B,T1,,ACTIVE,42,255.0,425,0.89,0.712,1.409,269,533,264,0.54,1.01,0.47,"rate-based: 6.1 vs 2.8 per appearance, w 0.38"
Francisco Lindor,Kansas Sunflower Seeds,SS,T1,,ACTIVE,85,640.0,997.0,0.86,0.754,1.081,646,927,281,1.3,1.76,0.46,"rate-based: 7.5 vs 6.5 per appearance, w 0.55"
Jake Cronenworth,FA (SD),2B,T2,,ACTIVE,90,442.0,980,0.86,0.56,0.884,472,745,273,0.95,1.41,0.46,"rate-based: 4.9 vs 6.4 per appearance, w 0.57"
Adam Frazier,FA (LAA),2B,T2,,ACTIVE,57,198.0,852,0.88,0.5,0.848,375,636,261,0.75,1.21,0.46,"rate-based: 3.5 vs 5.5 per appearance, w 0.45"
Logan Allen,FA (CLE),SP,T1,,ACTIVE,7,77.0,804,0.94,0.5,0.843,378,637,259,0.76,1.21,0.45,"rate-based: 11.0 vs 24.4 per appearance, w 0.32"
Steven Matz,FA,RP,T2,,ACTIVE,29,318.0,747,0.72,0.534,0.999,287,537,250,0.58,1.02,0.44,"rate-based: 11.0 vs 11.0 per appearance, w 0.48"
Brenton Doyle,FA (COL),CF,T2,,ACTIVE,64,207.0,897,0.94,0.5,0.807,422,680,258,0.85,1.29,0.44,"rate-based: 3.2 vs 5.8 per appearance, w 0.48"
Jake Meyers,FA (HOU),CF,T1,,ACTIVE,46,165.0,597,0.88,0.5,0.973,263,511,248,0.53,0.97,0.44,"rate-based: 3.6 vs 3.9 per appearance, w 0.40"
Tobias Myers,FA (NYM),RP,T1,,ACTIVE,27,195.0,964,0.9,0.5,0.794,434,689,255,0.87,1.31,0.44,"rate-based: 7.2 vs 14.2 per appearance, w 0.47"
Mookie Betts,High Cheddar,SS,T1,,ACTIVE,106,863.0,1447.0,0.88,0.708,0.927,902,1180,278,1.81,2.24,0.43,"rate-based: 8.1 vs 9.4 per appearance, w 0.61"
Oneil Cruz,KC Gray Hotdogs,CF,T1,,ACTIVE,80,670.0,873.0,0.89,0.882,1.231,685,956,271,1.38,1.81,0.43,"rate-based: 8.4 vs 5.7 per appearance, w 0.54"
Chris Bassitt,FA (was MidwestBears),SP,T1,,ACTIVE,17,345.0,906.0,0.73,0.5,0.875,331,579,248,0.67,1.1,0.43,"rate-based: 20.3 vs 27.5 per appearance, w 0.53"
Nicky Lopez,FA,3B,T2,,ACTIVE,80,325.0,723,0.92,0.558,0.935,371,622,251,0.75,1.18,0.43,"rate-based: 4.1 vs 4.7 per appearance, w 0.54"
Gerrit Cole,Dirty Spikes,SP,T1,,ACTIVE,19,871.0,1311.0,0.66,0.778,1.077,673,932,259,1.35,1.77,0.42,"rate-based: 45.8 vs 39.7 per appearance, w 0.56"
Vinnie Pasquantino,C-Town Liquors,1B,T1,,ACTIVE,97,799.0,1197.0,0.92,0.78,1.031,859,1135,276,1.73,2.15,0.42,"rate-based: 8.2 vs 7.8 per appearance, w 0.58"
Adley Rutschman,C-Town Liquors,C,T2,,ACTIVE,85,578.0,1240,0.86,0.575,0.815,613,869,256,1.23,1.65,0.42,"rate-based: 6.8 vs 10.2 per appearance, w 0.61"
Daniel Palencia,C-Town Liquors,RP,T3,Established,ACTIVE,25,175.0,830.5,0.85,0.5,0.84,353,593,240,0.71,1.13,0.42,"rate-based: 7.0 vs 11.6 per appearance, w 0.45"
Victor Scott II,FA (STL),CF,T3,Established,ACTIVE,60,170.0,760,0.96,0.5,0.834,365,608,243,0.73,1.15,0.42,"rate-based: 2.8 vs 4.7 per appearance, w 0.47"
Josh Lowe,FA (LAA),RF,T2,,ACTIVE,93,333.0,889,0.9,0.5,0.804,400,643,243,0.8,1.22,0.42,"rate-based: 3.6 vs 5.8 per appearance, w 0.57"
Nelson Velazquez,FA (STL),RF,T1,,ACTIVE,43,137.0,514,0.96,0.5,0.984,247,486,239,0.5,0.92,0.42,"rate-based: 3.2 vs 3.3 per appearance, w 0.38"
Victor Robles,FA (SEA),RF,T2,,ACTIVE,49,176.0,868,0.766,0.5,0.864,332,574,242,0.67,1.09,0.42,"rate-based: 3.6 vs 5.6 per appearance, w 0.42"
Brayan Bello,FA (BOS),SP,T1,,ACTIVE,22,412.0,992,0.92,0.524,0.798,478,728,250,0.96,1.38,0.42,"rate-based: 18.7 vs 30.1 per appearance, w 0.59"
German Marquez,FA (SD),SP,T2,,ACTIVE,13,223.0,1247,0.7356,0.5,0.772,459,708,249,0.92,1.34,0.42,"rate-based: 17.2 vs 37.8 per appearance, w 0.46"
Jordan Montgomery,FA,SP,T2,,ACTIVE,7,72.0,1069,0.76,0.5,0.805,406,654,248,0.82,1.24,0.42,"rate-based: 10.3 vs 32.4 per appearance, w 0.32"
Tyler Ferguson,FA,RP,T1,,ACTIVE,18,151.0,454,0.88,0.5,1.085,200,433,233,0.4,0.82,0.42,"rate-based: 8.4 vs 6.7 per appearance, w 0.37"
Matt Wallner,FA (MIN),RF,T1,,ACTIVE,34,96.0,552,0.96,0.5,0.937,265,497,232,0.53,0.94,0.41,"rate-based: 2.8 vs 3.6 per appearance, w 0.33"
Austin Hays,FA (CHW),LF,T1,,ACTIVE,27,90.0,719,0.7595,0.5,0.928,273,507,234,0.55,0.96,0.41,"rate-based: 3.3 vs 4.7 per appearance, w 0.28"
Jordan Romano,FA,RP,T2,,ACTIVE,32,304.0,713,0.77,0.534,0.957,293,525,232,0.59,1.0,0.41,"rate-based: 9.5 vs 10.5 per appearance, w 0.51"
Carmen Mlodzinski,Balking Dead,RP,T3,Established,ACTIVE,32,658.0,692.1,0.92,1.069,1.466,681,933,252,1.37,1.77,0.4,"rate-based: 20.6 vs 10.2 per appearance, w 0.51"
Enrique Hernandez,FA (LAD),1B,T2,,ACTIVE,25,74.0,732,0.7607,0.5,0.91,278,507,229,0.56,0.96,0.4,"rate-based: 3.0 vs 4.8 per appearance, w 0.27"
Eric Wagaman,FA,1B,T1,,ACTIVE,25,48.0,635,0.96,0.5,0.872,305,532,227,0.61,1.01,0.4,"rate-based: 1.9 vs 4.1 per appearance, w 0.27"
Blake Perkins,FA,CF,T2,,ACTIVE,45,145.0,543,0.89,0.5,0.969,242,468,226,0.49,0.89,0.4,"rate-based: 3.2 vs 3.5 per appearance, w 0.39"
Logan Webb,Kansas Sunflower Seeds,SP,T1,,ACTIVE,25,877.0,1594.0,0.89,0.661,0.846,938,1200,262,1.89,2.28,0.39,"rate-based: 35.1 vs 48.3 per appearance, w 0.62"
Jordan Beck,FA (COL),LF,T3,Established,ACTIVE,49,111.0,819,0.94,0.5,0.793,385,610,225,0.77,1.16,0.39,"rate-based: 2.3 vs 5.1 per appearance, w 0.42"
Davis Schneider,FA (TOR),LF,T1,,ACTIVE,56,161.0,492,0.96,0.5,0.96,236,453,217,0.47,0.86,0.39,"rate-based: 2.9 vs 3.2 per appearance, w 0.45"
Luis Castillo,FA (SEA),SP,T1,,ACTIVE,26,579.0,1375,0.86,0.529,0.734,626,868,242,1.26,1.65,0.39,"rate-based: 22.3 vs 41.7 per appearance, w 0.63"
Landon Knack,FA,SP,T1,,ACTIVE,3,45.0,494,0.89,0.5,1.0,220,440,220,0.44,0.83,0.39,"rate-based: 15.0 vs 15.0 per appearance, w 0.17"
Heliot Ramos,Kansas Sunflower Seeds,LF,T1,,ACTIVE,98,459.0,896.0,0.94,0.622,0.897,524,755,231,1.05,1.43,0.38,"rate-based: 4.7 vs 5.8 per appearance, w 0.59"
Griffin Jax,MidwestBears,RP,T1,,ACTIVE,30,681.0,918.0,0.89,1.0,1.302,817,1064,247,1.64,2.02,0.38,"rate-based: 22.7 vs 13.5 per appearance, w 0.49"
MJ Melendez,FA (NYM),LF,T1,,ACTIVE,55,147.0,705,0.94,0.5,0.834,331,553,222,0.67,1.05,0.38,"rate-based: 2.7 vs 4.6 per appearance, w 0.44"
Santiago Espinal,FA,3B,T2,,ACTIVE,30,72.0,593,0.92,0.5,0.897,273,489,216,0.55,0.93,0.38,"rate-based: 2.4 vs 3.9 per appearance, w 0.30"
Max Kepler,FA,LF,T2,,ACTIVE,41,146.0,664,0.7297,0.5,0.942,242,456,214,0.49,0.87,0.38,"rate-based: 3.6 vs 4.3 per appearance, w 0.37"
Evan Phillips,FA,RP,T2,,ACTIVE,24,177.0,653,0.77,0.5,0.909,251,457,206,0.5,0.87,0.37,"rate-based: 7.4 vs 9.6 per appearance, w 0.44"
Edmundo Sosa,FA (PHI),2B,T1,,ACTIVE,74,384.0,576,0.94,0.78,1.18,422,639,217,0.85,1.21,0.36,"rate-based: 5.2 vs 3.7 per appearance, w 0.52"
Esteury Ruiz,FA (MIA),LF,T1,,ACTIVE,85,336.0,676,0.89,0.607,0.951,365,572,207,0.73,1.09,0.36,"rate-based: 4.0 vs 4.4 per appearance, w 0.55"
Connor Wong,FA (BOS),C,T2,,ACTIVE,67,256.0,721,0.92,0.5,0.821,332,545,213,0.67,1.03,0.36,"rate-based: 3.8 vs 6.0 per appearance, w 0.55"
Connor Brogdon,FA,RP,T1,,ACTIVE,15,119.0,383,0.84,0.5,1.12,161,360,199,0.32,0.68,0.36,"rate-based: 7.9 vs 5.6 per appearance, w 0.33"
Jose Urquidy,FA,SP,T1,,ACTIVE,10,123.0,854,0.81,0.5,0.811,346,561,215,0.7,1.06,0.36,"rate-based: 12.3 vs 25.9 per appearance, w 0.40"
Kyle Manzardo,FA (was Balking Dead),DH,T3,Established,ACTIVE,102,505.0,935.9,0.96,0.678,0.922,609,828,219,1.22,1.57,0.35,"rate-based: 5.0 vs 5.8 per appearance, w 0.60"
Gabriel Arias,FA (CLE),SS,T1,,ACTIVE,47,129.0,487,0.91,0.5,0.952,222,422,200,0.45,0.8,0.35,"rate-based: 2.7 vs 3.2 per appearance, w 0.41"
Jake Rogers,FA,C,T2,,ACTIVE,51,172.0,558,0.94,0.5,0.883,262,463,201,0.53,0.88,0.35,"rate-based: 3.4 vs 4.6 per appearance, w 0.49"
Trevor Williams,FA,SP,T2,,ACTIVE,11,186.0,605,0.6995,0.5,0.97,212,411,199,0.43,0.78,0.35,"rate-based: 16.9 vs 18.3 per appearance, w 0.42"
Starling Marte,FA (KC),DH,T2,,ACTIVE,56,179.0,643,0.73,0.5,0.905,235,425,190,0.47,0.81,0.34,"rate-based: 3.2 vs 4.2 per appearance, w 0.45"
James McCann,FA,C,T2,,ACTIVE,42,220.0,434,0.78,0.616,1.181,209,400,191,0.42,0.76,0.34,"rate-based: 5.2 vs 3.6 per appearance, w 0.44"
Jackson Chourio,River Cats,CF,T3,Established,ACTIVE,109,922.0,1509,0.94,0.848,1.02,1203,1447,244,2.42,2.75,0.33,"rate-based: 8.5 vs 8.2 per appearance, w 0.61"
TJ Friedl,FA (CIN),CF,T1,,ACTIVE,76,201.0,985,0.88,0.5,0.723,433,627,194,0.87,1.19,0.32,"rate-based: 2.6 vs 6.4 per appearance, w 0.52"
Bo Naylor,FA (CLE),C,T1,,ACTIVE,28,51.0,661,0.96,0.5,0.795,317,504,187,0.64,0.96,0.32,"rate-based: 1.8 vs 5.5 per appearance, w 0.34"
Scott Barlow,FA (ATH),RP,T2,,ACTIVE,36,220.0,662,0.88,0.5,0.82,291,478,187,0.59,0.91,0.32,"rate-based: 6.1 vs 9.7 per appearance, w 0.54"
Paul Goldschmidt,FA (was KC Gray Hotdogs),1B,T2,,ACTIVE,98,673.0,984,0.85,0.797,1.039,667,869,202,1.34,1.65,0.31,"rate-based: 6.9 vs 6.4 per appearance, w 0.59"
Alex Call,FA (LAD),RF,T1,,ACTIVE,71,269.0,472,0.92,0.682,1.108,296,481,185,0.6,0.91,0.31,"rate-based: 3.8 vs 3.1 per appearance, w 0.51"
Pavin Smith,FA (ARI),DH,T1,,ACTIVE,28,87.0,361,0.82,0.5,1.085,148,321,173,0.3,0.61,0.31,"rate-based: 3.1 vs 2.3 per appearance, w 0.29"
Nick Allen,FA,SS,T1,,ACTIVE,58,226.0,359,0.92,0.742,1.276,245,421,176,0.49,0.8,0.31,"rate-based: 3.9 vs 2.3 per appearance, w 0.46"
Eric Haase,FA,C,T2,,ACTIVE,27,73.0,493,0.92,0.5,0.899,227,408,181,0.46,0.77,0.31,"rate-based: 2.7 vs 4.1 per appearance, w 0.33"
Elias Diaz,FA,C,T2,,ACTIVE,72,256.0,693,0.86,0.5,0.805,298,480,182,0.6,0.91,0.31,"rate-based: 3.6 vs 5.7 per appearance, w 0.57"
Eli Morgan,FA,RP,T2,,ACTIVE,16,87.0,525,0.82,0.5,0.909,215,391,176,0.43,0.74,0.31,"rate-based: 5.4 vs 7.7 per appearance, w 0.34"
Dietrich Enns,FA,RP,T1,,ACTIVE,13,95.0,325,0.83,0.5,1.141,135,308,173,0.27,0.58,0.31,"rate-based: 7.3 vs 4.8 per appearance, w 0.30"
Jesus Sanchez,Dirty Spikes,RF,T1,,ACTIVE,96,368.0,694.0,0.92,0.641,0.922,409,589,180,0.82,1.12,0.3,"rate-based: 3.8 vs 4.5 per appearance, w 0.58"
Bryan Woo,KC Gray Hotdogs,SP,T3,Established,ACTIVE,27,1184.0,2017.3,0.94,0.728,0.857,1380,1625,245,2.78,3.08,0.3,"rate-based: 43.9 vs 58.2 per appearance, w 0.64"
Andrew Vaughn,FA (was KC Gray Hotdogs),1B,T2,,ACTIVE,96,595.0,841.0,0.94,0.821,1.071,649,847,198,1.31,1.61,0.3,"rate-based: 6.2 vs 5.5 per appearance, w 0.58"
Daniel Schneemann,FA,2B,T1,,ACTIVE,87,320.0,574,0.96,0.669,0.993,369,547,178,0.74,1.04,0.3,"rate-based: 3.7 vs 3.7 per appearance, w 0.56"
Zach McKinstry,FA (DET),3B,T1,,ACTIVE,113,478.0,984,0.92,0.596,0.811,540,734,194,1.09,1.39,0.3,"rate-based: 4.2 vs 6.4 per appearance, w 0.62"
Edgar Quero,FA (CHW),C,T3,Established,ACTIVE,63,159.0,678,0.96,0.5,0.766,325,499,174,0.65,0.95,0.3,"rate-based: 2.5 vs 4.9 per appearance, w 0.54"
Will Benson,FA (CIN),RF,T2,,ACTIVE,49,97.0,528,0.96,0.5,0.842,253,427,174,0.51,0.81,0.3,"rate-based: 2.0 vs 3.4 per appearance, w 0.42"
Zack Littell,FA (WSH),SP,T1,,ACTIVE,26,436.0,1020,0.91,0.536,0.739,498,686,188,1.0,1.3,0.3,"rate-based: 16.8 vs 30.9 per appearance, w 0.63"
Jose Trevino,FA,C,T2,,ACTIVE,41,142.0,473,0.79,0.5,0.956,187,357,170,0.38,0.68,0.3,"rate-based: 3.5 vs 3.9 per appearance, w 0.43"
Brandon Eisert,FA,RP,T1,,ACTIVE,34,236.0,477,0.92,0.604,0.995,265,437,172,0.53,0.83,0.3,"rate-based: 6.9 vs 7.0 per appearance, w 0.52"
Jason Foley,FA,RP,T1,,ACTIVE,17,78.0,574,0.86,0.5,0.855,247,422,175,0.5,0.8,0.3,"rate-based: 4.6 vs 8.4 per appearance, w 0.35"
Jose Ramirez,High Cheddar,3B,T1,,ACTIVE,108,837.0,1235,0.88,0.791,0.982,860,1067,207,1.73,2.02,0.29,"rate-based: 7.8 vs 8.0 per appearance, w 0.61"
Edouard Julien,FA (COL),1B,T1,,ACTIVE,87,367.0,594,0.96,0.73,1.047,416,597,181,0.84,1.13,0.29,"rate-based: 4.2 vs 3.9 per appearance, w 0.56"
Brandon Pfaadt,KC Gray Hotdogs,SP,T1,,ACTIVE,26,672.0,1238,0.94,0.653,0.822,760,957,197,1.53,1.82,0.29,"rate-based: 25.8 vs 37.5 per appearance, w 0.63"
Nate Pearson,FA,RP,T2,,ACTIVE,33,314.0,494,0.89,0.749,1.144,329,503,174,0.66,0.95,0.29,"rate-based: 9.5 vs 7.3 per appearance, w 0.52"
Jake Woodford,FA,RP,T2,,ACTIVE,18,105.0,310,0.89,0.5,1.092,138,301,163,0.28,0.57,0.29,"rate-based: 5.8 vs 4.6 per appearance, w 0.37"
Marcell Ozuna,FA (PIT),DH,T2,,ACTIVE,69,273.0,464,0.82,0.699,1.141,266,434,168,0.54,0.82,0.28,"rate-based: 4.0 vs 3.0 per appearance, w 0.50"
Mitch Garver,FA (SEA),C,T2,,ACTIVE,47,154.0,526,0.77,0.5,0.897,203,363,160,0.41,0.69,0.28,"rate-based: 3.3 vs 4.3 per appearance, w 0.47"
Ryan Feltner,FA (COL),SP,T2,,ACTIVE,22,375.0,783,0.84,0.589,0.849,387,558,171,0.78,1.06,0.28,"rate-based: 17.0 vs 23.7 per appearance, w 0.59"
Caleb Ferguson,FA,RP,T1,,ACTIVE,35,198.0,476,0.89,0.524,0.908,222,385,163,0.45,0.73,0.28,"rate-based: 5.7 vs 7.0 per appearance, w 0.53"
Bennett Sousa,FA,RP,T1,,ACTIVE,26,139.0,493,0.84,0.5,0.892,207,369,162,0.42,0.7,0.28,"rate-based: 5.3 vs 7.2 per appearance, w 0.46"
Tyler Glasnow,Balking Dead,SP,T2,,ACTIVE,10,568.0,1153.0,0.73,1.0,1.225,842,1031,189,1.69,1.96,0.27,"rate-based: 56.8 vs 34.9 per appearance, w 0.40"
Jorge Mateo,FA (ATL),SS,T2,,ACTIVE,76,329.0,514,0.82,0.753,1.14,317,480,163,0.64,0.91,0.27,"rate-based: 4.3 vs 3.3 per appearance, w 0.52"
Jonah Heim,FA,C,T2,,ACTIVE,92,465.0,940,0.94,0.605,0.802,535,709,174,1.08,1.35,0.27,"rate-based: 5.1 vs 7.8 per appearance, w 0.63"
David Fry,FA (CLE),DH,T2,,ACTIVE,79,178.0,565,0.87,0.5,0.815,246,401,155,0.49,0.76,0.27,"rate-based: 2.3 vs 3.7 per appearance, w 0.53"
Freddy Peralta,Balking Dead,SP,T1,,ACTIVE,28,839.0,1547.0,0.91,0.653,0.789,919,1111,192,1.85,2.11,0.26,"rate-based: 30.0 vs 46.9 per appearance, w 0.65"
Ryan O'Hearn,Balking Dead,1B,T1,,IL-10,96,779.0,846.0,0.86,1.0,1.25,728,909,181,1.46,1.72,0.26,"rate-based: 8.1 vs 5.5 per appearance, w 0.58"
Jeremy Pena,Dirty Spikes,SS,T1,,ACTIVE,93,803.0,895.0,0.88,1.015,1.251,799,985,186,1.61,1.87,0.26,"rate-based: 8.6 vs 5.8 per appearance, w 0.57"
Casey Mize,KC Gray Hotdogs,SP,T1,,ACTIVE,22,750.0,1007,0.87,0.86,1.063,753,931,178,1.51,1.77,0.26,"rate-based: 34.1 vs 30.5 per appearance, w 0.59"
Vladimir Guerrero Jr.,C-Town Liquors,1B,T1,,ACTIVE,129,932.0,1625.0,0.96,0.685,0.815,1069,1271,202,2.15,2.41,0.26,"rate-based: 7.2 vs 10.6 per appearance, w 0.65"
Austin Slater,FA,LF,T2,,ACTIVE,28,62.0,396,0.82,0.5,0.964,162,313,151,0.33,0.59,0.26,"rate-based: 2.2 vs 2.6 per appearance, w 0.29"
Jake Bird,FA,RP,T1,,ACTIVE,44,260.0,591,0.91,0.549,0.831,295,447,152,0.59,0.85,0.26,"rate-based: 5.9 vs 8.7 per appearance, w 0.59"
Francisco Alvarez,FA (was Balking Dead),C,T3,Established,ACTIVE,99,360.0,944.2,0.88,0.528,0.716,439,595,156,0.88,1.13,0.25,"rate-based: 3.6 vs 7.1 per appearance, w 0.65"
Cal Raleigh,Kansas Sunflower Seeds,C,T1,,ACTIVE,109,558.0,1741,0.92,0.5,0.612,801,980,179,1.61,1.86,0.25,"rate-based: 5.1 vs 14.4 per appearance, w 0.67"
Ryan Yarbrough,FA (NYY),RP,T2,,ACTIVE,32,329.0,483,0.75,0.795,1.205,288,437,149,0.58,0.83,0.25,"rate-based: 10.3 vs 7.1 per appearance, w 0.51"
Dansby Swanson,Dirty Spikes,SS,T1,,IL-10,119,967.0,904.0,0.86,1.0,1.219,777,948,171,1.56,1.8,0.24,"rate-based: 8.1 vs 5.9 per appearance, w 0.63"
Josh Hader,High Cheddar,RP,T1,,ACTIVE,40,723.0,806.0,0.81,1.015,1.266,663,827,164,1.33,1.57,0.24,"rate-based: 18.1 vs 11.9 per appearance, w 0.56"
Marcus Semien,FA (NYM),2B,T2,,ACTIVE,123,654.0,1229,0.81,0.643,0.808,640,804,164,1.29,1.53,0.24,"rate-based: 5.3 vs 8.0 per appearance, w 0.64"
Connor Norby,FA (MIA),3B,T1,,ACTIVE,88,379.0,531,0.96,0.827,1.126,422,574,152,0.85,1.09,0.24,"rate-based: 4.3 vs 3.4 per appearance, w 0.56"
Freddy Fermin,FA (SD),C,T1,,ACTIVE,75,214.0,506,0.9,0.53,0.834,241,380,139,0.48,0.72,0.24,"rate-based: 2.9 vs 4.2 per appearance, w 0.58"
Lane Thomas,FA (KC),CF,T2,,ACTIVE,115,514.0,956,0.86,0.648,0.842,533,692,159,1.07,1.31,0.24,"rate-based: 4.5 vs 6.2 per appearance, w 0.62"
A.J. Minter,FA (NYM),RP,T2,,ACTIVE,38,336.0,623,0.6995,0.65,0.983,283,428,145,0.57,0.81,0.24,"rate-based: 8.8 vs 9.2 per appearance, w 0.55"
Alex Lange,FA,RP,T3,Established,ACTIVE,53,363.0,835.4,0.86,0.543,0.749,390,538,148,0.78,1.02,0.24,"rate-based: 6.8 vs 12.3 per appearance, w 0.63"
Nathan Eovaldi,Balking Dead,SP,T1,,IL-15,22,961.0,1001.0,0.68,1.0,1.235,681,841,160,1.37,1.6,0.23,"rate-based: 43.7 vs 30.3 per appearance, w 0.59"
Julio Rodriguez,C-Town Liquors,CF,T3,Established,ACTIVE,133,827.0,1566,0.94,0.665,0.788,979,1160,181,1.97,2.2,0.23,"rate-based: 6.2 vs 9.7 per appearance, w 0.66"
Teoscar Hernandez,Balking Dead,RF,T1,,ACTIVE,107,598.0,911.0,0.86,0.769,0.97,602,760,158,1.21,1.44,0.23,"rate-based: 5.6 vs 5.9 per appearance, w 0.61"
Cody Bellinger,High Cheddar,CF,T1,,ACTIVE,116,881.0,1334.0,0.82,0.773,0.93,846,1017,171,1.7,1.93,0.23,"rate-based: 7.6 vs 8.7 per appearance, w 0.63"
Bobby Witt Jr.,C-Town Liquors,SS,T1,,ACTIVE,125,1128.0,1723.0,0.94,0.768,0.888,1244,1438,194,2.5,2.73,0.23,"rate-based: 9.0 vs 11.2 per appearance, w 0.64"
Colton Cowser,C-Town Liquors,LF,T1,,ACTIVE,121,433.0,902.0,0.89,0.59,0.777,474,624,150,0.95,1.18,0.23,"rate-based: 3.6 vs 5.9 per appearance, w 0.64"
Nathaniel Lowe,FA (CIN),1B,T2,,ACTIVE,108,619.0,915,0.92,0.79,0.981,665,826,161,1.34,1.57,0.23,"rate-based: 5.7 vs 5.9 per appearance, w 0.61"
Logan O'Hoppe,FA (LAA),C,T1,,ACTIVE,82,243.0,807,0.92,0.5,0.698,371,518,147,0.75,0.98,0.23,"rate-based: 3.0 vs 6.7 per appearance, w 0.60"
Keibert Ruiz,Dirty Spikes,C,T1,,ACTIVE,90,598.0,973,0.9,0.726,0.902,636,790,154,1.28,1.5,0.22,"rate-based: 6.6 vs 8.0 per appearance, w 0.62"
Kyle Isbel,FA (KC),CF,T1,,ACTIVE,83,305.0,441,0.92,0.806,1.139,327,462,135,0.66,0.88,0.22,"rate-based: 3.7 vs 2.9 per appearance, w 0.55"
Rob Refsnyder,FA,RF,T1,,ACTIVE,53,95.0,426,0.84,0.5,0.862,179,308,129,0.36,0.58,0.22,"rate-based: 1.8 vs 2.8 per appearance, w 0.43"
Justin Lawrence,FA,RP,T2,,ACTIVE,37,162.0,548,0.84,0.5,0.776,230,357,127,0.46,0.68,0.22,"rate-based: 4.4 vs 8.1 per appearance, w 0.54"
Trent Thornton,FA,RP,T2,,ACTIVE,45,273.0,637,0.74,0.537,0.812,253,383,130,0.51,0.73,0.22,"rate-based: 6.1 vs 9.4 per appearance, w 0.59"
Emmet Sheehan,High Cheddar,SP,T3,Established,ACTIVE,20,644.0,720.7,0.94,1.057,1.282,716,869,153,1.44,1.65,0.21,"rate-based: 32.2 vs 20.8 per appearance, w 0.57"
Angel Martinez,Dirty Spikes,CF,T3,Established,ACTIVE,93,560.0,674,0.94,1.031,1.265,653,801,148,1.31,1.52,0.21,"rate-based: 6.0 vs 4.0 per appearance, w 0.57"
Dennis Santana,FA (was Kansas Sunflower Seeds),RP,T1,,ACTIVE,50,251.0,597.0,0.91,0.528,0.762,287,414,127,0.58,0.79,0.21,"rate-based: 5.0 vs 8.8 per appearance, w 0.62"
Miguel Rojas,FA (LAD),2B,T2,,ACTIVE,88,325.0,507,0.81,0.753,1.061,309,436,127,0.62,0.83,0.21,"rate-based: 3.7 vs 3.3 per appearance, w 0.56"
Javier Assad,FA (CHC),SP,T1,,ACTIVE,23,521.0,812,0.89,0.754,0.957,545,692,147,1.1,1.31,0.21,"rate-based: 22.7 vs 24.6 per appearance, w 0.61"
Ryan Gusto,FA (MIA),SP,T1,,ACTIVE,20,400.0,550,0.94,0.841,1.103,435,570,135,0.87,1.08,0.21,"rate-based: 20.0 vs 16.7 per appearance, w 0.57"
Chris Paddack,FA (CIN),SP,T2,,ACTIVE,14,118.0,981,0.7123,0.5,0.689,349,481,132,0.7,0.91,0.21,"rate-based: 8.4 vs 29.7 per appearance, w 0.48"
Ryan Borucki,FA,RP,T2,,ACTIVE,21,86.0,311,0.81,0.5,0.962,126,242,116,0.25,0.46,0.21,"rate-based: 4.1 vs 4.6 per appearance, w 0.40"
Luis Campusano,FA (SD),DH,T1,,ACTIVE,58,309.0,324,0.92,1.072,1.5,320,447,127,0.64,0.85,0.21,"rate-based: 5.3 vs 2.1 per appearance, w 0.46"
Lucas Erceg,FA (was KC Gray Hotdogs),RP,T1,,ACTIVE,47,215.0,635,0.87,0.5,0.723,276,399,123,0.56,0.76,0.2,"rate-based: 4.6 vs 9.3 per appearance, w 0.60"
Nathan Lukes,FA (TOR),RF,T1,,ACTIVE,106,554.0,789,0.92,0.816,1.011,592,734,142,1.19,1.39,0.2,"rate-based: 5.2 vs 5.1 per appearance, w 0.61"
Eli White,FA (ATL),RF,T1,,ACTIVE,86,338.0,465,0.9,0.841,1.151,352,482,130,0.71,0.91,0.2,"rate-based: 3.9 vs 3.0 per appearance, w 0.55"
Merrill Kelly,FA (ARI),SP,T1,,ACTIVE,26,552.0,1049,0.73,0.636,0.81,487,620,133,0.98,1.18,0.2,"rate-based: 21.2 vs 31.8 per appearance, w 0.63"
Griffin Canning,FA (SD),SP,T2,,ACTIVE,25,402.0,777,0.84,0.627,0.822,409,537,128,0.82,1.02,0.2,"rate-based: 16.1 vs 23.5 per appearance, w 0.62"
Tyler Heineman,FA,C,T1,,ACTIVE,62,131.0,327,0.88,0.507,0.895,146,258,112,0.29,0.49,0.2,"rate-based: 2.1 vs 2.7 per appearance, w 0.53"
Miguel Amaya,FA (CHC),C,T1,,ACTIVE,71,323.0,466,0.89,0.807,1.093,335,453,118,0.67,0.86,0.19,"rate-based: 4.5 vs 3.9 per appearance, w 0.57"
Joey Ortiz,FA (MIL),SS,T1,,ACTIVE,107,563.0,782,0.94,0.834,1.02,613,750,137,1.23,1.42,0.19,"rate-based: 5.3 vs 5.1 per appearance, w 0.61"
Matt Svanson,FA,RP,T3,Established,ACTIVE,41,153.0,675,0.92,0.5,0.69,310,428,118,0.62,0.81,0.19,"rate-based: 3.7 vs 9.5 per appearance, w 0.57"
Jared Triolo,FA (PIT),SS,T1,,ACTIVE,99,417.0,590,0.94,0.82,1.053,455,584,129,0.92,1.11,0.19,"rate-based: 4.2 vs 3.8 per appearance, w 0.59"
Brenan Hanifee,FA,RP,T1,,ACTIVE,23,69.0,328,0.92,0.5,0.855,151,258,107,0.3,0.49,0.19,"rate-based: 3.0 vs 4.8 per appearance, w 0.43"
Austin Riley,Dirty Spikes,3B,T2,,ACTIVE,141,632.0,1310,0.85,0.592,0.714,659,795,136,1.33,1.51,0.18,"rate-based: 4.5 vs 8.5 per appearance, w 0.67"
Lawrence Butler,Dirty Spikes,RF,T3,Established,ACTIVE,132,636.0,1187.5,0.96,0.674,0.797,768,909,141,1.54,1.72,0.18,"rate-based: 4.8 vs 7.3 per appearance, w 0.66"
Matt Strahm,FA (KC),RP,T2,,ACTIVE,41,169.0,702,0.86,0.5,0.692,302,418,116,0.61,0.79,0.18,"rate-based: 4.1 vs 10.3 per appearance, w 0.57"
Patrick Bailey,FA (CLE),C,T1,,ACTIVE,93,308.0,632,0.94,0.597,0.792,355,471,116,0.71,0.89,0.18,"rate-based: 3.3 vs 5.2 per appearance, w 0.63"
Michael Conforto,FA (CHC),LF,T2,,ACTIVE,97,446.0,611,0.84,0.844,1.084,433,556,123,0.87,1.05,0.18,"rate-based: 4.6 vs 4.0 per appearance, w 0.58"
Luis Torrens,FA (NYM),C,T2,,ACTIVE,80,397.0,591,0.88,0.785,1.009,408,525,117,0.82,1.0,0.18,"rate-based: 5.0 vs 4.9 per appearance, w 0.60"
Seth Lugo,FA (KC),SP,T2,,ACTIVE,29,708.0,1355,0.79,0.633,0.76,678,814,136,1.36,1.54,0.18,"rate-based: 24.4 vs 41.1 per appearance, w 0.66"
Jack Leiter,FA (TEX),SP,T3,Established,IL-60,15,459.0,691,0.79,1.0,1.24,546,677,131,1.1,1.28,0.18,"rate-based: 30.6 vs 19.9 per appearance, w 0.50"
Ryan Walker,FA (SF),RP,T2,,ACTIVE,33,102.0,959,0.91,0.5,0.638,436,557,121,0.88,1.06,0.18,"rate-based: 3.1 vs 14.1 per appearance, w 0.52"
Victor Vodnik,FA (COL),RP,T1,,ACTIVE,45,253.0,493,0.9,0.624,0.88,277,390,113,0.56,0.74,0.18,"rate-based: 5.6 vs 7.2 per appearance, w 0.59"
Pierce Johnson,FA (CIN),RP,T1,,ACTIVE,49,282.0,605,0.81,0.575,0.805,282,394,112,0.57,0.75,0.18,"rate-based: 5.8 vs 8.9 per appearance, w 0.61"
Luke Weaver,Balking Dead,RP,T1,,ACTIVE,52,552.0,880.0,0.86,0.739,0.899,559,680,121,1.12,1.29,0.17,"rate-based: 10.6 vs 12.9 per appearance, w 0.63"
Bryan King,FA,RP,T1,,ACTIVE,52,365.0,688,0.91,0.64,0.827,401,518,117,0.81,0.98,0.17,"rate-based: 7.0 vs 10.1 per appearance, w 0.63"
Mickey Moniak,High Cheddar,RF,T1,,ACTIVE,103,698.0,823.0,0.92,0.965,1.144,731,866,135,1.47,1.64,0.17,"rate-based: 6.8 vs 5.3 per appearance, w 0.60"
Justin Topa,MidwestBears,RP,T1,,ACTIVE,25,74.0,530.0,0.78,0.5,0.751,207,310,103,0.42,0.59,0.17,"rate-based: 3.0 vs 7.8 per appearance, w 0.45"
Austin Wells,FA (was High Cheddar),C,T1,,ACTIVE,107,292.0,820,0.94,0.5,0.643,385,496,111,0.77,0.94,0.17,"rate-based: 2.7 vs 6.8 per appearance, w 0.66"
Camilo Doval,FA (NYY),RP,T1,,ACTIVE,60,404.0,901,0.87,0.557,0.708,437,555,118,0.88,1.05,0.17,"rate-based: 6.7 vs 13.2 per appearance, w 0.66"
Tyrone Taylor,FA,CF,T2,,ACTIVE,82,474.0,450,0.84,1.174,1.478,444,559,115,0.89,1.06,0.17,"rate-based: 5.8 vs 2.9 per appearance, w 0.54"
Jordan Hicks,FA,RP,T2,,ACTIVE,46,358.0,593,0.8,0.716,0.942,340,447,107,0.68,0.85,0.17,"rate-based: 7.8 vs 8.7 per appearance, w 0.60"
Andres Gimenez,FA (was High Cheddar),2B,T1,,ACTIVE,127,656.0,1071,0.92,0.724,0.85,713,838,125,1.43,1.59,0.16,"rate-based: 5.2 vs 7.0 per appearance, w 0.65"
Ben Brown,Kansas Sunflower Seeds,SP,T3,Established,IL-60,20,606.0,764.3,0.87,1.0,1.192,665,793,128,1.34,1.5,0.16,"rate-based: 30.3 vs 22.1 per appearance, w 0.57"
Ryan Jeffers,Kansas Sunflower Seeds,C,T1,,ACTIVE,79,687.0,752,0.9,1.031,1.213,698,821,123,1.4,1.56,0.16,"rate-based: 8.7 vs 6.2 per appearance, w 0.59"
Tyler Mahle,Dirty Spikes,SP,T2,,ACTIVE,24,836.0,1138,0.7045,0.849,1.006,681,807,126,1.37,1.53,0.16,"rate-based: 34.8 vs 34.5 per appearance, w 0.62"
George Kirby,Kansas Sunflower Seeds,SP,T1,,ACTIVE,27,913.0,1358.0,0.94,0.785,0.897,1002,1145,143,2.02,2.17,0.15,"rate-based: 33.8 vs 41.2 per appearance, w 0.64"
Ezequiel Tovar,FA (COL),SS,T3,Established,ACTIVE,129,586.0,1063,0.92,0.718,0.838,702,820,118,1.41,1.56,0.15,"rate-based: 4.5 vs 6.3 per appearance, w 0.65"
Pedro Pages,FA (STL),C,T1,,ACTIVE,70,121.0,545,0.96,0.5,0.687,262,359,97,0.53,0.68,0.15,"rate-based: 1.7 vs 4.5 per appearance, w 0.56"
Eugenio Suarez,High Cheddar,3B,T2,,ACTIVE,110,555.0,734,0.88,0.871,1.032,563,667,104,1.13,1.27,0.14,"rate-based: 5.0 vs 4.8 per appearance, w 0.61"
Kodai Senga,FA (NYM),SP,T2,,ACTIVE,26,308.0,1226,0.74,0.5,0.611,454,554,100,0.91,1.05,0.14,"rate-based: 11.8 vs 37.2 per appearance, w 0.63"
Mike Burrows,FA (HOU),SP,T3,Established,IL-60,18,349.0,445,0.87,1.0,1.25,387,484,97,0.78,0.92,0.14,"rate-based: 19.4 vs 12.8 per appearance, w 0.55"
Walker Buehler,FA (SD),SP,T2,,ACTIVE,28,770.0,1296,0.7507,0.706,0.824,687,802,115,1.38,1.52,0.14,"rate-based: 27.5 vs 39.3 per appearance, w 0.65"
Miles Mikolas,FA (WSH),SP,T2,,ACTIVE,25,297.0,594,0.72,0.609,0.809,260,346,86,0.52,0.66,0.14,"rate-based: 11.9 vs 18.0 per appearance, w 0.62"
Paul Skenes,High Cheddar,SP,T3,Established,ACTIVE,29,1282.0,2241.7,0.89,0.77,0.851,1536,1698,162,3.09,3.22,0.13,"rate-based: 44.2 vs 59.1 per appearance, w 0.66"
Emilio Pagan,KC Gray Hotdogs,RP,T2,,ACTIVE,39,499.0,501.0,0.74,1.115,1.369,413,508,95,0.83,0.96,0.13,"rate-based: 12.8 vs 7.4 per appearance, w 0.56"
Kyle Finnegan,FA (DET),RP,T1,,ACTIVE,60,335.0,708,0.86,0.583,0.725,355,441,86,0.71,0.84,0.13,"rate-based: 5.6 vs 10.4 per appearance, w 0.66"
Andrew Abbott,FA (CIN),SP,T1,,ACTIVE,29,737.0,1223,0.94,0.714,0.814,821,936,115,1.65,1.78,0.13,"rate-based: 25.4 vs 37.1 per appearance, w 0.66"
Kris Bubic,FA (KC),SP,T1,,IL-60,9,350.0,875,0.84,1.0,1.157,735,850,115,1.48,1.61,0.13,"rate-based: 38.9 vs 26.5 per appearance, w 0.38"
Yoshinobu Yamamoto,High Cheddar,SP,T1,,ACTIVE,25,1399.0,1625.0,0.89,0.978,1.077,1414,1558,144,2.84,2.96,0.12,"rate-based: 56.0 vs 49.2 per appearance, w 0.62"
Jarren Duran,River Cats,LF,T1,,ACTIVE,135,743.0,1229.0,0.94,0.717,0.815,828,942,114,1.67,1.79,0.12,"rate-based: 5.5 vs 8.0 per appearance, w 0.66"
Matt McLain,MidwestBears,2B,T1,,ACTIVE,115,664.0,879,0.87,0.87,1.007,665,770,105,1.34,1.46,0.12,"rate-based: 5.8 vs 5.7 per appearance, w 0.62"
Jakob Junis,Kansas Sunflower Seeds,RP,T2,,ACTIVE,46,442.0,622.0,0.7126,0.825,1.027,366,455,89,0.74,0.86,0.12,"rate-based: 9.6 vs 9.1 per appearance, w 0.60"
Dylan Crews,FA (WSH),RF,T3,Established,ACTIVE,90,504.0,476,0.96,1.288,1.5,589,685,96,1.18,1.3,0.12,"rate-based: 5.6 vs 2.8 per appearance, w 0.57"
Janson Junk,FA (MIA),SP,T1,,ACTIVE,22,538.0,616,0.89,0.99,1.166,543,639,96,1.09,1.21,0.12,"rate-based: 24.5 vs 18.7 per appearance, w 0.59"
Danny Coulombe,FA,RP,T1,,ACTIVE,29,76.0,399,0.74,0.5,0.759,148,224,76,0.3,0.42,0.12,"rate-based: 2.6 vs 5.9 per appearance, w 0.48"
Brett Baty,Balking Dead,3B,T1,,ACTIVE,123,524.0,779,0.96,0.786,0.909,588,680,92,1.18,1.29,0.11,"rate-based: 4.3 vs 5.1 per appearance, w 0.64"
Carlos Correa,FA (HOU),SS,T1,,IL-60,32,281.0,896,0.7226,1.0,1.145,647,741,94,1.3,1.41,0.11,"rate-based: 8.8 vs 5.8 per appearance, w 0.32"
Jacob Lopez,FA (ATH),SP,T1,,ACTIVE,23,631.0,713,0.94,1.003,1.147,672,769,97,1.35,1.46,0.11,"rate-based: 27.4 vs 21.6 per appearance, w 0.61"
Randal Grichuk,FA,RF,T2,,ACTIVE,98,443.0,488,0.88,1.026,1.225,441,526,85,0.89,1.0,0.11,"rate-based: 4.5 vs 3.2 per appearance, w 0.59"
Jimmy Herget,FA,RP,T2,,ACTIVE,46,233.0,372,0.84,0.739,0.96,231,300,69,0.46,0.57,0.11,"rate-based: 5.1 vs 5.5 per appearance, w 0.60"
Framber Valdez,Kansas Sunflower Seeds,SP,T1,,ACTIVE,28,802.0,1214.0,0.88,0.774,0.87,827,929,102,1.66,1.76,0.1,"rate-based: 28.6 vs 36.8 per appearance, w 0.65"
Zack Wheeler,Kansas Sunflower Seeds,SP,T1,,ACTIVE,24,1251.0,1398.0,0.74,1.012,1.128,1047,1167,120,2.11,2.21,0.1,"rate-based: 52.1 vs 42.4 per appearance, w 0.62"
Christian Yelich,Kansas Sunflower Seeds,DH,T2,,ACTIVE,102,670.0,688.0,0.79,1.093,1.252,594,680,86,1.19,1.29,0.1,"rate-based: 6.6 vs 4.5 per appearance, w 0.60"
Gunnar Henderson,Kansas Sunflower Seeds,SS,T3,Established,ACTIVE,143,997.0,1752,0.94,0.709,0.784,1168,1291,123,2.35,2.45,0.1,"rate-based: 7.0 vs 10.8 per appearance, w 0.67"
Willi Castro,River Cats,RF,T2,,IL-10,119,760.0,801,0.9,1.0,1.13,721,815,94,1.45,1.55,0.1,"rate-based: 6.4 vs 5.2 per appearance, w 0.63"
Leody Taveras,FA (BAL),CF,T1,,ACTIVE,122,584.0,826,0.96,0.821,0.938,651,744,93,1.31,1.41,0.1,"rate-based: 4.8 vs 5.4 per appearance, w 0.64"
Aaron Civale,FA (ATH),SP,T2,,ACTIVE,28,549.0,896,0.87,0.725,0.837,565,652,87,1.14,1.24,0.1,"rate-based: 19.6 vs 27.2 per appearance, w 0.65"
Taylor Ward,Balking Dead,LF,T1,,ACTIVE,134,707.0,1113.0,0.92,0.748,0.84,766,860,94,1.54,1.63,0.09,"rate-based: 5.3 vs 7.2 per appearance, w 0.66"
Ranger Suarez,Balking Dead,SP,T1,,ACTIVE,25,919.0,1110.0,0.89,0.944,1.052,933,1039,106,1.88,1.97,0.09,"rate-based: 36.8 vs 33.6 per appearance, w 0.62"
David Hamilton,FA (MIL),2B,T2,,ACTIVE,104,504.0,544,0.94,1.045,1.201,534,614,80,1.07,1.16,0.09,"rate-based: 4.8 vs 3.5 per appearance, w 0.60"
David Peterson,FA (NYM),SP,T1,,ACTIVE,28,618.0,960,0.91,0.756,0.859,660,750,90,1.33,1.42,0.09,"rate-based: 22.1 vs 29.1 per appearance, w 0.65"
Gabe Speier,FA (SEA),RP,T2,,ACTIVE,46,383.0,473,0.87,0.926,1.106,381,455,74,0.77,0.86,0.09,"rate-based: 8.3 vs 7.0 per appearance, w 0.60"
Erick Fedde,FA (CHW),SP,T2,,ACTIVE,30,631.0,1082,0.88,0.695,0.785,662,747,85,1.33,1.42,0.09,"rate-based: 21.0 vs 32.8 per appearance, w 0.67"
Simeon Woods Richardson,FA (MIN),SP,T3,Established,ACTIVE,20,97.0,1008,0.94,0.5,0.576,474,546,72,0.95,1.04,0.09,"rate-based: 4.8 vs 27.8 per appearance, w 0.57"
Bryan Abreu,Kansas Sunflower Seeds,RP,T1,,ACTIVE,58,598.0,926.0,0.91,0.758,0.858,639,723,84,1.29,1.37,0.08,"rate-based: 10.3 vs 13.6 per appearance, w 0.65"
Kyle Stowers,KC Gray Hotdogs,RF,T1,,ACTIVE,106,689.0,828,0.94,1.0,1.114,778,867,89,1.56,1.64,0.08,"rate-based: 6.5 vs 5.4 per appearance, w 0.61"
Paul Sewald,FA,RP,T2,,ACTIVE,53,545.0,758.0,0.77,0.833,0.956,486,558,72,0.98,1.06,0.08,"rate-based: 10.3 vs 11.1 per appearance, w 0.63"
JJ Bleday,C-Town Liquors,LF,T2,,ACTIVE,115,775.0,902.0,0.96,0.976,1.085,845,940,95,1.7,1.78,0.08,"rate-based: 6.7 vs 5.9 per appearance, w 0.62"
Robbie Ray,Kansas Sunflower Seeds,SP,T2,,ACTIVE,28,922.0,1346,0.76,0.799,0.887,817,907,90,1.64,1.72,0.08,"rate-based: 32.9 vs 40.8 per appearance, w 0.65"
Spencer Horwitz,FA (PIT),1B,T1,,ACTIVE,101,670.0,617,0.94,1.207,1.351,700,784,84,1.41,1.49,0.08,"rate-based: 6.6 vs 4.0 per appearance, w 0.59"
Myles Straw,FA (TOR),CF,T2,,ACTIVE,122,480.0,690,0.94,0.81,0.93,525,603,78,1.06,1.14,0.08,"rate-based: 3.9 vs 4.5 per appearance, w 0.64"
Martin Perez,FA (ATL),SP,T2,,ACTIVE,27,712.0,1018,0.74,0.813,0.916,612,690,78,1.23,1.31,0.08,"rate-based: 26.4 vs 30.8 per appearance, w 0.64"
Tomoyuki Sugano,FA (COL),SP,T1,,ACTIVE,25,519.0,683,0.83,0.875,1.002,496,568,72,1.0,1.08,0.08,"rate-based: 20.8 vs 20.7 per appearance, w 0.62"
Andrew Kittredge,FA (BAL),RP,T1,,ACTIVE,50,383.0,543,0.71,0.819,0.977,316,377,61,0.64,0.72,0.08,"rate-based: 7.7 vs 8.0 per appearance, w 0.62"
Cole Sulser,High Cheddar,RP,T2,,ACTIVE,42,385.0,452,0.71,1.0,1.196,321,384,63,0.65,0.73,0.08,"rate-based: 9.2 vs 6.6 per appearance, w 0.58"
Brady Singer,MidwestBears,SP,T1,,ACTIVE,28,676.0,993.0,0.89,0.794,0.884,702,781,79,1.41,1.48,0.07,"rate-based: 24.1 vs 30.1 per appearance, w 0.65"
Tyler Stephenson,FA,C,T2,,ACTIVE,112,545.0,936,0.9,0.693,0.775,584,653,69,1.17,1.24,0.07,"rate-based: 4.9 vs 7.7 per appearance, w 0.67"
Hunter Gaddis,River Cats,RP,T1,,ACTIVE,58,508.0,789.0,0.9,0.756,0.856,537,608,71,1.08,1.15,0.07,"rate-based: 8.8 vs 11.6 per appearance, w 0.65"
Isiah Kiner-Falefa,FA (BOS),SS,T2,,ACTIVE,46,268.0,660,0.85,1.0,1.129,561,633,72,1.13,1.2,0.07,"rate-based: 5.8 vs 4.3 per appearance, w 0.40"
Cedric Mullins,FA (TB),CF,T1,,ACTIVE,122,669.0,876,0.88,0.879,0.979,678,755,77,1.36,1.43,0.07,"rate-based: 5.5 vs 5.7 per appearance, w 0.64"
Mike Yastrzemski,FA (ATL),RF,T1,,ACTIVE,121,481.0,669,0.76,0.833,0.951,424,484,60,0.85,0.92,0.07,"rate-based: 4.0 vs 4.3 per appearance, w 0.64"
John Schreiber,FA (KC),RP,T1,,ACTIVE,58,339.0,581,0.81,0.695,0.815,327,384,57,0.66,0.73,0.07,"rate-based: 5.8 vs 8.5 per appearance, w 0.65"
Tyler Kinley,Balking Dead,RP,T1,,ACTIVE,55,384.0,563.0,0.83,0.795,0.91,371,425,54,0.75,0.81,0.06,"rate-based: 7.0 vs 8.3 per appearance, w 0.64"
Andy Pages,Dirty Spikes,CF,T3,Established,IL-10,127,1028.0,1138,0.94,1.0,1.088,1070,1164,94,2.15,2.21,0.06,"rate-based: 8.1 vs 7.0 per appearance, w 0.65"
JoJo Romero,Kansas Sunflower Seeds,RP,T1,,ACTIVE,48,409.0,456.0,0.89,1.0,1.148,406,466,60,0.82,0.88,0.06,"rate-based: 8.5 vs 6.7 per appearance, w 0.61"
Roman Anthony,River Cats,RF,T3,Established,ACTIVE,38,182.0,636,0.872,1.0,1.125,555,624,69,1.12,1.18,0.06,"rate-based: 4.8 vs 3.4 per appearance, w 0.36"
Pete Fairbanks,High Cheddar,RP,T1,,IL-15,44,489.0,617.0,0.8,1.0,1.119,494,552,58,0.99,1.05,0.06,"rate-based: 11.1 vs 9.1 per appearance, w 0.59"
Daulton Varsho,Kansas Sunflower Seeds,CF,T2,,ACTIVE,124,606.0,815.0,0.83,0.859,0.956,581,647,66,1.17,1.23,0.06,"rate-based: 4.9 vs 5.3 per appearance, w 0.64"
Andres Munoz,River Cats,RP,T1,,ACTIVE,55,758.0,1001.0,0.87,0.872,0.963,759,839,80,1.53,1.59,0.06,"rate-based: 13.8 vs 14.7 per appearance, w 0.64"
Victor Caratini,FA (MIN),C,T1,,ACTIVE,95,440.0,590,0.92,0.86,0.971,467,527,60,0.94,1.0,0.06,"rate-based: 4.6 vs 4.9 per appearance, w 0.64"
Yennier Cano,FA (was Dirty Spikes),RP,T2,,ACTIVE,61,410.0,687,0.88,0.708,0.8,428,484,56,0.86,0.92,0.06,"rate-based: 6.7 vs 10.1 per appearance, w 0.66"
Jonny DeLuca,FA (TB),CF,T1,,ACTIVE,90,498.0,414,0.84,1.326,1.5,461,522,61,0.93,0.99,0.06,"rate-based: 5.5 vs 2.7 per appearance, w 0.57"
Corbin Carroll,Dirty Spikes,RF,T3,Established,ACTIVE,140,1055.0,1677.4,0.94,0.773,0.835,1219,1317,98,2.45,2.5,0.05,"rate-based: 7.5 vs 10.4 per appearance, w 0.67"
Daniel Lynch IV,FA,RP,T2,,ACTIVE,52,440.0,558.0,0.82,0.903,1.018,413,466,53,0.83,0.88,0.05,"rate-based: 8.5 vs 8.2 per appearance, w 0.63"
Kyle Tucker,River Cats,RF,T1,,ACTIVE,134,896.0,1279.0,0.87,0.814,0.884,906,984,78,1.82,1.87,0.05,"rate-based: 6.7 vs 8.3 per appearance, w 0.66"
Chris Sale,MidwestBears,SP,T2,,ACTIVE,25,1530.0,1678.0,0.77,1.029,1.115,1330,1441,111,2.68,2.73,0.05,"rate-based: 61.2 vs 50.8 per appearance, w 0.62"
Kyle Bradish,MidwestBears,SP,T1,,ACTIVE,28,893.0,1230.0,0.79,0.84,0.915,816,889,73,1.64,1.69,0.05,"rate-based: 31.9 vs 37.3 per appearance, w 0.65"
Tyler Freeman,FA (COL),RF,T1,,ACTIVE,78,376.0,616,0.9,1.0,1.098,554,609,55,1.11,1.16,0.05,"rate-based: 4.8 vs 4.0 per appearance, w 0.53"
Trevor Rogers,River Cats,SP,T1,,ACTIVE,26,920.0,1118,0.81,0.939,1.025,850,928,78,1.71,1.76,0.05,"rate-based: 35.4 vs 33.9 per appearance, w 0.63"
Stephen Kolek,FA (KC),SP,T1,,IL-60,10,259.0,649,0.79,1.0,1.114,513,571,58,1.03,1.08,0.05,"rate-based: 25.9 vs 19.7 per appearance, w 0.40"
Tyler Holton,FA (DET),RP,T2,,ACTIVE,62,489.0,797,0.91,0.726,0.804,527,583,56,1.06,1.11,0.05,"rate-based: 7.9 vs 11.7 per appearance, w 0.67"
Tim Herrin,FA (CLE),RP,T2,,ACTIVE,59,394.0,613,0.89,0.755,0.847,412,462,50,0.83,0.88,0.05,"rate-based: 6.7 vs 9.0 per appearance, w 0.66"
Yuki Matsui,High Cheddar,RP,T1,,ACTIVE,44,530.0,449.0,0.89,1.303,1.435,521,573,52,1.05,1.09,0.04,"rate-based: 12.0 vs 6.6 per appearance, w 0.59"
Colt Keith,FA (DET),DH,T3,Established,ACTIVE,130,559.0,842,0.94,0.844,0.921,668,729,61,1.34,1.38,0.04,"rate-based: 4.3 vs 5.0 per appearance, w 0.65"
Carlos Narvaez,FA (BOS),C,T1,,ACTIVE,82,90.0,704,0.96,0.5,0.56,338,378,40,0.68,0.72,0.04,"rate-based: 1.1 vs 5.8 per appearance, w 0.60"
Kirby Yates,FA (LAA),RP,T2,,IL-15,44,337.0,412,0.6268,1.0,1.139,258,294,36,0.52,0.56,0.04,"rate-based: 7.7 vs 6.1 per appearance, w 0.59"
Grant Anderson,FA (MIL),RP,T1,,ACTIVE,52,427.0,512,0.91,0.951,1.051,443,490,47,0.89,0.93,0.04,"rate-based: 8.2 vs 7.5 per appearance, w 0.63"
Trevor Larnach,Balking Dead,DH,T1,,ACTIVE,117,680.0,740.0,0.94,1.036,1.119,721,778,57,1.45,1.48,0.03,"rate-based: 5.8 vs 4.8 per appearance, w 0.63"
Jose Ferrer,FA,RP,T3,Established,ACTIVE,65,414.0,723,0.92,0.713,0.774,474,515,41,0.95,0.98,0.03,"rate-based: 6.4 vs 10.1 per appearance, w 0.68"
Kenley Jansen,High Cheddar,RP,T2,,ACTIVE,43,440.0,363.0,0.75,1.335,1.479,363,403,40,0.73,0.76,0.03,"rate-based: 10.2 vs 5.3 per appearance, w 0.58"
Andrew Benintendi,FA (CHW),LF,T2,,ACTIVE,126,731.0,948,0.79,0.886,0.967,664,724,60,1.34,1.37,0.03,"rate-based: 5.8 vs 6.2 per appearance, w 0.65"
Taylor Rogers,FA (MIN),RP,T2,,ACTIVE,58,329.0,495,0.8,0.778,0.871,308,345,37,0.62,0.65,0.03,"rate-based: 5.7 vs 7.3 per appearance, w 0.65"
John King,FA (was Kansas Sunflower Seeds),RP,T2,,ACTIVE,50,319.0,368,0.85,0.983,1.099,307,344,37,0.62,0.65,0.03,"rate-based: 6.4 vs 5.4 per appearance, w 0.62"
Will Warren,Dirty Spikes,SP,T3,Established,ACTIVE,28,900.0,1180.1,0.94,0.878,0.941,974,1044,70,1.96,1.98,0.02,"rate-based: 32.1 vs 35.8 per appearance, w 0.65"
Bryce Elder,Dirty Spikes,SP,T1,,ACTIVE,26,855.0,977.0,0.94,0.993,1.063,912,976,64,1.83,1.85,0.02,"rate-based: 32.9 vs 29.6 per appearance, w 0.63"
Geraldo Perdomo,High Cheddar,SS,T1,,DTD,139,1048.0,1518.0,0.96,0.804,0.859,1172,1252,80,2.36,2.38,0.02,"rate-based: 7.5 vs 9.9 per appearance, w 0.67"
Tanner Bibee,MidwestBears,SP,T1,,ACTIVE,29,924.0,1284.0,0.94,0.834,0.893,1007,1078,71,2.03,2.05,0.02,"rate-based: 31.9 vs 38.9 per appearance, w 0.66"
Giancarlo Stanton,MidwestBears,RF,T2,,IL-60,24,122.0,554.0,0.624,1.0,1.096,346,379,33,0.7,0.72,0.02,"rate-based: 5.1 vs 3.6 per appearance, w 0.26"
Nick Kurtz,River Cats,1B,T3,Established,IL-60,99,915.0,1460.3,0.87,1.0,1.064,1270,1352,82,2.55,2.57,0.02,"rate-based: 9.2 vs 8.2 per appearance, w 0.59"
Jackson Merrill,River Cats,CF,T3,Established,ACTIVE,139,919.0,1523,0.9,0.807,0.861,1106,1180,74,2.22,2.24,0.02,"rate-based: 6.6 vs 8.6 per appearance, w 0.67"
Brandon Woodruff,FA (was River Cats),SP,T2,,IL-60,9,393.0,1190,0.6245,1.0,1.071,743,796,53,1.49,1.51,0.02,"rate-based: 43.7 vs 36.1 per appearance, w 0.38"
Wenceel Perez,FA (DET),RF,T1,,IL-60,53,257.0,616,0.86,1.0,1.083,530,574,44,1.07,1.09,0.02,"rate-based: 4.8 vs 4.0 per appearance, w 0.43"
Isaac Collins,FA (KC),LF,T1,,ACTIVE,127,571.0,712,0.96,0.918,0.984,627,673,46,1.26,1.28,0.02,"rate-based: 4.5 vs 4.6 per appearance, w 0.65"
Adrian Houser,FA (SF),SP,T1,,IL-60,26,533.0,581,0.75,1.0,1.094,436,477,41,0.88,0.9,0.02,"rate-based: 20.5 vs 17.6 per appearance, w 0.63"
Jose Alvarado,FA (PHI),RP,T2,,ACTIVE,58,413.0,556,0.89,0.858,0.924,425,457,32,0.85,0.87,0.02,"rate-based: 7.1 vs 8.2 per appearance, w 0.65"
Sean Newcomb,FA (was River Cats),RP,T2,,ACTIVE,52,701.0,771,0.7056,1.027,1.107,559,602,43,1.12,1.14,0.02,"rate-based: 13.5 vs 11.3 per appearance, w 0.63"
Raisel Iglesias,Dirty Spikes,RP,T1,,ACTIVE,52,720.0,788.0,0.81,1.032,1.11,659,708,49,1.33,1.34,0.01,"rate-based: 13.8 vs 11.6 per appearance, w 0.63"
Kyle Schwarber,KC Gray Hotdogs,DH,T1,,ACTIVE,137,1109.0,1533.0,0.92,0.837,0.888,1180,1252,72,2.37,2.38,0.01,"rate-based: 8.1 vs 10.0 per appearance, w 0.67"
Bo Bichette,KC Gray Hotdogs,SS,T1,,ACTIVE,141,911.0,1344.0,0.84,0.791,0.843,893,952,59,1.8,1.81,0.01,"rate-based: 6.5 vs 8.7 per appearance, w 0.67"
Elly De La Cruz,C-Town Liquors,SS,T3,Established,ACTIVE,124,1029.0,1315,0.94,0.978,1.04,1209,1286,77,2.43,2.44,0.01,"rate-based: 8.3 vs 7.8 per appearance, w 0.64"
Luis Rengifo,FA (was Balking Dead),3B,T1,,IL-60,95,500.0,728,0.82,1.0,1.059,597,632,35,1.2,1.2,0.0,"rate-based: 5.3 vs 4.7 per appearance, w 0.58"
Justin Slaten,FA (was High Cheddar),RP,T2,,IL-15,36,318.0,535,0.83,1.0,1.059,444,470,26,0.89,0.89,0.0,"rate-based: 8.8 vs 7.9 per appearance, w 0.54"
Byron Buxton,FA,CF,T1,,IL-10,93,762.0,1125.0,0.86,1.0,1.063,968,1028,60,1.95,1.95,0.0,"rate-based: 8.2 vs 7.3 per appearance, w 0.57"
Jacob Young,C-Town Liquors,CF,T1,,ACTIVE,119,703.0,750,0.94,1.055,1.121,744,790,46,1.5,1.5,0.0,"rate-based: 5.9 vs 4.9 per appearance, w 0.63"
Tim Hill,FA (NYY),RP,T1,,ACTIVE,61,279.0,399,0.85,0.813,0.868,276,294,18,0.56,0.56,0.0,"rate-based: 4.6 vs 5.9 per appearance, w 0.66"
Jovani Moran,FA (BOS),RP,T2,,ACTIVE,45,480.0,383,0.89,1.378,1.476,470,503,33,0.95,0.95,0.0,"rate-based: 10.7 vs 5.6 per appearance, w 0.59"
Ramon Laureano,FA,LF,T1,,IL-60,53,264.0,677,0.6997,1.0,1.052,474,498,24,0.95,0.94,-0.01,"rate-based: 5.0 vs 4.4 per appearance, w 0.43"
Isaac Paredes,MidwestBears,3B,T1,,ACTIVE,137,1009.0,1385,0.91,0.843,0.892,1062,1124,62,2.14,2.13,-0.01,"rate-based: 7.4 vs 9.0 per appearance, w 0.67"
Matt Shaw,FA (CHC),3B,T3,Established,ACTIVE,60,335.0,837,0.92,1.0,1.054,770,812,42,1.55,1.54,-0.01,"rate-based: 5.6 vs 4.9 per appearance, w 0.47"
Anthony Banda,FA (MIN),RP,T1,,IL-15,39,283.0,446,0.81,1.0,1.053,361,380,19,0.73,0.72,-0.01,"rate-based: 7.3 vs 6.6 per appearance, w 0.56"
Jose Quintana,FA (COL),SP,T2,,IL-60,9,101.0,348,0.5758,1.0,1.022,200,205,5,0.4,0.39,-0.01,"rate-based: 11.2 vs 10.5 per appearance, w 0.38"
Wandy Peralta,FA,RP,T1,,ACTIVE,59,341.0,443,0.86,0.884,0.933,337,355,18,0.68,0.67,-0.01,"rate-based: 5.8 vs 6.5 per appearance, w 0.66"
Zack Kelly,FA,RP,T2,,IL-60,17,103.0,366,0.86,1.0,1.04,315,327,12,0.63,0.62,-0.01,"rate-based: 6.1 vs 5.4 per appearance, w 0.35"
Blake Treinen,Balking Dead,RP,T2,,ACTIVE,30,225.0,470.0,0.6409,1.0,1.038,301,313,12,0.61,0.59,-0.02,"rate-based: 7.5 vs 6.9 per appearance, w 0.49"
Michael Soroka,FA (was High Cheddar),SP,T1,,IL-15,18,712.0,1193.0,0.722,1.0,1.046,861,901,40,1.73,1.71,-0.02,"rate-based: 39.6 vs 36.2 per appearance, w 0.55"
Jose Caballero,Kansas Sunflower Seeds,SS,T1,,ACTIVE,120,637.0,651.0,0.92,1.098,1.146,658,686,28,1.32,1.3,-0.02,"rate-based: 5.3 vs 4.2 per appearance, w 0.63"
Steven Kwan,MidwestBears,LF,T1,,ACTIVE,133,824.0,1028.0,0.92,0.917,0.957,867,905,38,1.74,1.72,-0.02,"rate-based: 6.2 vs 6.7 per appearance, w 0.66"
Graham Ashcraft,FA (was C-Town Liquors),RP,T1,,ACTIVE,27,282.0,658,0.78,1.0,1.033,513,530,17,1.03,1.01,-0.02,"rate-based: 10.4 vs 9.7 per appearance, w 0.47"
Orion Kerkering,Kansas Sunflower Seeds,RP,T3,Established,ACTIVE,60,494.0,698.6,0.9,0.894,0.93,562,585,23,1.13,1.11,-0.02,"rate-based: 8.2 vs 9.3 per appearance, w 0.66"
Jake Mangum,FA (PIT),LF,T1,,ACTIVE,115,601.0,565,0.92,1.185,1.239,616,644,28,1.24,1.22,-0.02,"rate-based: 5.2 vs 3.7 per appearance, w 0.62"
Greg Weissert,FA (BOS),RP,T1,,ACTIVE,57,417.0,477,0.91,0.991,1.025,430,445,15,0.86,0.84,-0.02,"rate-based: 7.3 vs 7.0 per appearance, w 0.65"
Jonathan Loaisiga,FA (ARI),RP,T2,,ACTIVE,60,458.0,565,0.7356,0.927,0.952,385,396,11,0.77,0.75,-0.02,"rate-based: 7.6 vs 8.3 per appearance, w 0.66"
Sam Moll,FA,RP,T2,,ACTIVE,65,326.0,451,0.82,0.836,0.851,309,315,6,0.62,0.6,-0.02,"rate-based: 5.0 vs 6.6 per appearance, w 0.68"
George Springer,Dirty Spikes,RF,T2,,ACTIVE,110,718.0,594,0.74,1.332,1.383,585,608,23,1.18,1.15,-0.03,"rate-based: 6.5 vs 3.9 per appearance, w 0.61"
Salvador Perez,Kansas Sunflower Seeds,DH,T1,,ACTIVE,134,730.0,916.0,0.82,0.913,0.95,686,714,28,1.38,1.35,-0.03,"rate-based: 5.4 vs 5.9 per appearance, w 0.66"
Kevin Gausman,MidwestBears,SP,T1,,ACTIVE,29,1102.0,1417.0,0.85,0.893,0.932,1076,1123,47,2.16,2.13,-0.03,"rate-based: 38.0 vs 42.9 per appearance, w 0.66"
J.T. Realmuto,MidwestBears,C,T2,,ACTIVE,106,530.0,664,0.8,0.913,0.947,485,503,18,0.98,0.95,-0.03,"rate-based: 5.0 vs 5.5 per appearance, w 0.66"
Josh Jung,C-Town Liquors,3B,T1,,IL-10,92,575.0,900,0.83,1.0,1.036,747,774,27,1.5,1.47,-0.03,"rate-based: 6.2 vs 5.8 per appearance, w 0.57"
Jhoan Duran,River Cats,RP,T1,,ACTIVE,54,852.0,904.0,0.85,1.061,1.107,815,851,36,1.64,1.61,-0.03,"rate-based: 15.8 vs 13.3 per appearance, w 0.64"
Zebby Matthews,FA (MIN),SP,T3,Established,ACTIVE,20,654.0,519,0.94,1.449,1.5,707,732,25,1.42,1.39,-0.03,"rate-based: 32.7 vs 15.0 per appearance, w 0.57"
Colin Rea,FA (CHC),SP,T1,,ACTIVE,30,661.0,893,0.85,0.855,0.889,649,675,26,1.31,1.28,-0.03,"rate-based: 22.0 vs 27.1 per appearance, w 0.67"
Kyle Teel,FA (CHW),C,T3,Established,ACTIVE,22,117.0,638,0.89,1.0,1.029,568,584,16,1.14,1.11,-0.03,"rate-based: 5.3 vs 4.8 per appearance, w 0.29"
Taylor Walls,FA (TB),SS,T2,,ACTIVE,114,588.0,504,0.82,1.289,1.323,533,547,14,1.07,1.04,-0.03,"rate-based: 5.2 vs 3.3 per appearance, w 0.62"
Cionel Perez,FA,RP,T2,,IL-15,36,275.0,490,0.83,1.0,1.029,407,418,11,0.82,0.79,-0.03,"rate-based: 7.6 vs 7.2 per appearance, w 0.54"
Cal Quantrill,FA,SP,T2,,ACTIVE,29,648.0,818,0.85,0.908,0.942,631,655,24,1.27,1.24,-0.03,"rate-based: 22.3 vs 24.8 per appearance, w 0.66"
Elvis Alvarado,FA,RP,T1,,ACTIVE,47,456.0,347.0,0.92,1.441,1.489,460,475,15,0.93,0.9,-0.03,"rate-based: 9.7 vs 5.1 per appearance, w 0.60"
Sandy Alcantara,High Cheddar,SP,T2,,ACTIVE,30,1152.0,1546.0,0.79,0.86,0.892,1050,1089,39,2.11,2.07,-0.04,"rate-based: 38.4 vs 46.8 per appearance, w 0.67"
Logan Gilbert,High Cheddar,SP,T1,,ACTIVE,28,1326.0,1601.0,0.89,0.944,0.986,1345,1405,60,2.71,2.67,-0.04,"rate-based: 47.4 vs 48.5 per appearance, w 0.65"
Gavin Sheets,High Cheddar,LF,T1,,IL-10,122,676.0,812.0,0.92,1.0,1.029,747,769,22,1.5,1.46,-0.04,"rate-based: 5.5 vs 5.3 per appearance, w 0.64"
Shota Imanaga,KC Gray Hotdogs,SP,T2,,ACTIVE,28,1124.0,1338.0,0.86,0.956,0.994,1100,1144,44,2.21,2.17,-0.04,"rate-based: 40.1 vs 40.5 per appearance, w 0.65"
Spencer Torkelson,Kansas Sunflower Seeds,1B,T1,,ACTIVE,140,877.0,1192.0,0.96,0.851,0.885,974,1013,39,1.96,1.92,-0.04,"rate-based: 6.3 vs 7.7 per appearance, w 0.67"
Carson Kelly,FA (CHC),C,T1,,ACTIVE,102,633.0,724,0.94,0.991,1.022,674,696,22,1.36,1.32,-0.04,"rate-based: 6.2 vs 6.0 per appearance, w 0.65"
Jazz Chisholm Jr.,C-Town Liquors,2B,T1,,ACTIVE,133,863.0,1071,0.94,0.922,0.96,928,966,38,1.87,1.83,-0.04,"rate-based: 6.5 vs 7.0 per appearance, w 0.66"
Trevor Story,FA (BOS),SS,T2,,ACTIVE,48,221.0,676,0.722,1.0,1.018,488,497,9,0.98,0.94,-0.04,"rate-based: 4.6 vs 4.4 per appearance, w 0.41"
Ty France,High Cheddar,1B,T2,,ACTIVE,113,876.0,764,0.9,1.269,1.314,873,904,31,1.76,1.72,-0.04,"rate-based: 7.8 vs 5.0 per appearance, w 0.62"
Ryne Nelson,FA (ARI),SP,T1,,IL-60,15,405.0,833,0.84,1.0,1.031,700,721,21,1.41,1.37,-0.04,"rate-based: 27.0 vs 25.2 per appearance, w 0.50"
Caleb Thielbar,FA (CHC),RP,T2,,ACTIVE,52,391.0,324,0.75,1.331,1.326,323,322,-1,0.65,0.61,-0.04,"rate-based: 7.5 vs 4.8 per appearance, w 0.63"
Mark Leiter Jr.,FA (ATH),RP,T2,,IL-60,36,304.0,570,0.71,1.0,1.004,405,406,1,0.81,0.77,-0.04,"rate-based: 8.4 vs 8.4 per appearance, w 0.54"
Brant Hurter,FA (DET),RP,T1,,ACTIVE,21,174.0,551,0.87,1.0,1.008,479,483,4,0.96,0.92,-0.04,"rate-based: 8.3 vs 8.1 per appearance, w 0.40"
Brent Suter,FA,RP,T1,,ACTIVE,49,521.0,406,0.81,1.408,1.43,463,470,7,0.93,0.89,-0.04,"rate-based: 10.6 vs 6.0 per appearance, w 0.61"
Casey Legumina,FA,RP,T1,,ACTIVE,49,402.0,312,0.91,1.412,1.434,401,407,6,0.81,0.77,-0.04,"rate-based: 8.2 vs 4.6 per appearance, w 0.61"
Seranthony Dominguez,FA (was Dirty Spikes),RP,T1,,ACTIVE,59,502.0,544.0,0.7295,1.041,1.038,413,412,-1,0.83,0.78,-0.05,"rate-based: 8.5 vs 8.0 per appearance, w 0.66"
Jack Dreyer,Dirty Spikes,RP,T3,Established,ACTIVE,60,580.0,697.5,0.9,0.948,0.966,595,606,11,1.2,1.15,-0.05,"rate-based: 9.7 vs 10.3 per appearance, w 0.66"
Brad Keller,FA,RP,T1,,IL-60,32,309.0,653.0,0.6697,1.0,1.003,437,439,2,0.88,0.83,-0.05,"rate-based: 9.7 vs 9.6 per appearance, w 0.51"
Garrett Whitlock,High Cheddar,RP,T1,,ACTIVE,48,607.0,815.0,0.87,1.0,1.03,709,730,21,1.43,1.38,-0.05,"rate-based: 12.6 vs 12.0 per appearance, w 0.61"
Alex Vesia,MidwestBears,RP,T1,,ACTIVE,64,569.0,774.0,0.89,0.85,0.867,586,597,11,1.18,1.13,-0.05,"rate-based: 8.9 vs 11.4 per appearance, w 0.67"
Bryan De La Cruz,FA,LF,T2,,ACTIVE,21,104.0,697,0.94,1.0,1.02,655,668,13,1.32,1.27,-0.05,"rate-based: 5.0 vs 4.5 per appearance, w 0.23"
Jalen Beeks,FA,RP,T1,,IL-60,29,177.0,431,0.76,1.0,0.984,328,322,-6,0.66,0.61,-0.05,"rate-based: 6.1 vs 6.3 per appearance, w 0.48"
Nolan Schanuel,High Cheddar,1B,T3,Established,IL-10,107,750.0,1123.0,0.92,1.0,1.031,1033,1065,32,2.08,2.02,-0.06,"rate-based: 7.0 vs 6.6 per appearance, w 0.61"
Matt Brash,FA,RP,T1,,IL-60,20,186.0,630.0,0.83,1.0,1.001,523,523,0,1.05,0.99,-0.06,"rate-based: 9.3 vs 9.3 per appearance, w 0.39"
Ernie Clement,River Cats,3B,T1,,ACTIVE,140,863.0,1132,0.94,0.878,0.903,934,961,27,1.88,1.82,-0.06,"rate-based: 6.2 vs 7.4 per appearance, w 0.67"
Kyle Higashioka,FA (TEX),C,T1,,IL-10,53,198.0,482,0.82,1.0,0.972,395,384,-11,0.79,0.73,-0.06,"rate-based: 3.7 vs 4.0 per appearance, w 0.50"
Shane Baz,FA (BAL),SP,T1,,ACTIVE,28,953.0,1086,0.94,0.995,1.02,1016,1041,25,2.04,1.98,-0.06,"rate-based: 34.0 vs 32.9 per appearance, w 0.65"
Beau Brieske,FA,RP,T1,,ACTIVE,11,71.0,466,0.85,1.0,0.986,396,391,-5,0.8,0.74,-0.06,"rate-based: 6.5 vs 6.9 per appearance, w 0.26"
Ceddanne Rafaela,High Cheddar,CF,T3,Established,IL-10,133,927.0,1086,0.94,1.0,1.022,1021,1043,22,2.05,1.98,-0.07,"rate-based: 7.0 vs 6.7 per appearance, w 0.66"
Josh Naylor,KC Gray Hotdogs,1B,T1,,ACTIVE,134,935.0,1127,0.94,0.946,0.972,1002,1030,28,2.02,1.95,-0.07,"rate-based: 7.0 vs 7.3 per appearance, w 0.66"
Alec Bohm,MidwestBears,3B,T1,,ACTIVE,135,887.0,1057,0.9,0.956,0.975,909,928,19,1.83,1.76,-0.07,"rate-based: 6.6 vs 6.9 per appearance, w 0.66"
Calvin Faucher,FA (was MidwestBears),RP,T1,,ACTIVE,61,514.0,575.0,0.91,1.011,0.998,529,522,-7,1.06,0.99,-0.07,"rate-based: 8.4 vs 8.5 per appearance, w 0.66"
Masataka Yoshida,FA (BOS),DH,T2,,IL-10,87,494.0,862,0.81,1.0,1.007,698,703,5,1.4,1.33,-0.07,"rate-based: 5.7 vs 5.6 per appearance, w 0.56"
Ramon Urias,FA,3B,T1,,ACTIVE,33,135.0,652,0.87,1.0,0.99,567,562,-5,1.14,1.07,-0.07,"rate-based: 4.1 vs 4.2 per appearance, w 0.32"
Nick Martinez,Balking Dead,SP,T1,,ACTIVE,27,935.0,944.0,0.85,1.11,1.122,891,900,9,1.79,1.71,-0.08,"rate-based: 34.6 vs 28.6 per appearance, w 0.64"
Michael King,River Cats,SP,T2,,ACTIVE,29,1139.0,1360.0,0.84,0.954,0.972,1090,1110,20,2.19,2.11,-0.08,"rate-based: 39.3 vs 41.2 per appearance, w 0.66"
Seiya Suzuki,MidwestBears,RF,T1,,ACTIVE,126,1080.0,1121.0,0.92,1.082,1.103,1116,1138,22,2.24,2.16,-0.08,"rate-based: 8.6 vs 7.3 per appearance, w 0.65"
Junior Caminero,River Cats,3B,T3,Established,ACTIVE,143,1178.0,1968,0.96,0.833,0.863,1574,1630,56,3.17,3.09,-0.08,"rate-based: 8.2 vs 10.6 per appearance, w 0.67"
Eduard Bazardo,Kansas Sunflower Seeds,RP,T1,,ACTIVE,66,557.0,724,0.91,0.884,0.873,582,575,-7,1.17,1.09,-0.08,"rate-based: 8.4 vs 10.6 per appearance, w 0.68"
Jason Alexander,FA,SP,T1,,ACTIVE,4,33.0,398,0.88,1.0,0.94,350,329,-21,0.7,0.62,-0.08,"rate-based: 8.2 vs 12.1 per appearance, w 0.21"
Aaron Nola,Balking Dead,SP,T2,,ACTIVE,29,997.0,1148.0,0.81,0.985,0.993,916,923,7,1.84,1.75,-0.09,"rate-based: 34.4 vs 34.8 per appearance, w 0.66"
Freddie Freeman,Kansas Sunflower Seeds,1B,T1,,ACTIVE,138,1134.0,1418.0,0.86,0.916,0.935,1117,1140,23,2.25,2.16,-0.09,"rate-based: 8.2 vs 9.2 per appearance, w 0.67"
Enyel De Los Santos,FA,RP,T2,,ACTIVE,62,516.0,555.0,0.89,1.049,1.012,518,500,-18,1.04,0.95,-0.09,"rate-based: 8.3 vs 8.2 per appearance, w 0.67"
Jeff Hoffman,River Cats,RP,T1,,ACTIVE,63,691.0,837.0,0.88,0.942,0.934,694,688,-6,1.4,1.31,-0.09,"rate-based: 11.0 vs 12.3 per appearance, w 0.67"
Robert Suarez,River Cats,RP,T1,,IL-60,31,393.0,872.0,0.78,1.0,0.995,680,677,-3,1.37,1.28,-0.09,"rate-based: 12.7 vs 12.8 per appearance, w 0.50"
Grant Holmes,FA (ATL),SP,T1,,ACTIVE,27,770.0,747,0.91,1.151,1.15,782,782,0,1.57,1.48,-0.09,"rate-based: 28.5 vs 22.6 per appearance, w 0.64"
Noah Cameron,River Cats,SP,T3,Established,ACTIVE,27,993.0,1068.6,0.94,1.095,1.111,1100,1116,16,2.21,2.12,-0.09,"rate-based: 36.8 vs 30.8 per appearance, w 0.64"
Matthew Liberatore,FA (STL),SP,T3,Established,ACTIVE,28,770.0,864,0.94,1.054,1.06,856,861,5,1.72,1.63,-0.09,"rate-based: 27.5 vs 24.9 per appearance, w 0.65"
Kevin Ginkel,Kansas Sunflower Seeds,RP,T2,,ACTIVE,65,527.0,620,0.81,0.967,0.932,486,468,-18,0.98,0.89,-0.09,"rate-based: 8.1 vs 9.1 per appearance, w 0.68"
Paul Blackburn,KC Gray Hotdogs,RP,T2,,ACTIVE,55,656.0,460,0.7056,1.5,1.439,487,467,-20,0.98,0.89,-0.09,"rate-based: 11.9 vs 6.8 per appearance, w 0.64"
Andrew Nardi,FA,RP,T1,,IL-60,25,193.0,609,0.72,1.0,0.945,438,414,-24,0.88,0.79,-0.09,"rate-based: 7.7 vs 9.0 per appearance, w 0.45"
Randy Vasquez,FA,SP,T1,,ACTIVE,27,617.0,562,0.92,1.219,1.198,630,619,-11,1.27,1.17,-0.1,"rate-based: 22.9 vs 17.0 per appearance, w 0.64"
David Bednar,MidwestBears,RP,T1,,ACTIVE,57,863.0,870.0,0.89,1.112,1.107,861,857,-4,1.73,1.63,-0.1,"rate-based: 15.1 vs 12.8 per appearance, w 0.65"
Brandon Nimmo,MidwestBears,LF,T1,,ACTIVE,138,779.0,893.0,0.9,0.99,0.984,796,791,-5,1.6,1.5,-0.1,"rate-based: 5.6 vs 5.8 per appearance, w 0.67"
Jonathan India,FA (KC),2B,T2,,IL-60,16,114.0,1126,0.76,1.0,0.996,856,852,-4,1.72,1.62,-0.1,"rate-based: 7.1 vs 7.3 per appearance, w 0.19"
Jake Fraley,FA,RF,T2,,IL-60,28,82.0,606,0.7307,1.0,0.934,443,414,-29,0.89,0.79,-0.1,"rate-based: 2.9 vs 3.9 per appearance, w 0.29"
Bryan Hudson,FA (CHW),RP,T2,,ACTIVE,62,547.0,574,0.89,1.072,1.027,548,525,-23,1.1,1.0,-0.1,"rate-based: 8.8 vs 8.4 per appearance, w 0.67"
Ketel Marte,Balking Dead,2B,T1,,ACTIVE,123,1068.0,1331,0.82,1.0,1.003,1091,1095,4,2.19,2.08,-0.11,"rate-based: 8.7 vs 8.6 per appearance, w 0.64"
Trea Turner,Balking Dead,SS,T1,,ACTIVE,138,910.0,1052.0,0.88,0.982,0.979,909,906,-3,1.83,1.72,-0.11,"rate-based: 6.6 vs 6.8 per appearance, w 0.67"
Bryson Stott,Balking Dead,2B,T1,,ACTIVE,136,951.0,1090,0.96,0.989,0.993,1035,1039,4,2.08,1.97,-0.11,"rate-based: 7.0 vs 7.1 per appearance, w 0.66"
Robert Garcia,FA (was Kansas Sunflower Seeds),RP,T1,,IL-60,9,38.0,503,0.81,1.0,0.913,407,372,-35,0.82,0.71,-0.11,"rate-based: 4.2 vs 7.4 per appearance, w 0.23"
J.P. Crawford,MidwestBears,SS,T1,,ACTIVE,98,561.0,907.0,0.84,1.0,0.985,762,750,-12,1.53,1.42,-0.11,"rate-based: 5.7 vs 5.9 per appearance, w 0.59"
Jung Hoo Lee,MidwestBears,CF,T1,,ACTIVE,131,886.0,942.0,0.94,1.059,1.062,938,940,2,1.89,1.78,-0.11,"rate-based: 6.8 vs 6.1 per appearance, w 0.66"
Phil Maton,MidwestBears,RP,T1,,IL-60,31,151.0,445.0,0.75,1.0,0.885,334,295,-39,0.67,0.56,-0.11,"rate-based: 4.9 vs 6.5 per appearance, w 0.50"
Trevor Megill,River Cats,RP,T1,,ACTIVE,55,810.0,731.0,0.88,1.23,1.213,791,780,-11,1.59,1.48,-0.11,"rate-based: 14.7 vs 10.8 per appearance, w 0.64"
Jo Adell,C-Town Liquors,CF,T1,,ACTIVE,141,811.0,960.0,0.96,0.962,0.953,887,878,-9,1.78,1.67,-0.11,"rate-based: 5.8 vs 6.2 per appearance, w 0.67"
Joey Bart,FA (PIT),C,T1,,IL-10,42,146.0,509,0.88,1.0,0.932,448,417,-31,0.9,0.79,-0.11,"rate-based: 3.5 vs 4.2 per appearance, w 0.44"
Matt Festa,FA (CLE),RP,T1,,ACTIVE,61,481.0,449,0.88,1.192,1.116,471,441,-30,0.95,0.84,-0.11,"rate-based: 7.9 vs 6.6 per appearance, w 0.66"
Ron Marinaccio,FA,RP,T2,,OUT,41,246.0,474,0.91,1.0,0.929,431,401,-30,0.87,0.76,-0.11,"rate-based: 6.0 vs 7.0 per appearance, w 0.57"
Shea Langeliers,MidwestBears,C,T1,,IL-10,93,719.0,959,0.92,1.0,0.986,882,870,-12,1.77,1.65,-0.12,"rate-based: 7.7 vs 7.9 per appearance, w 0.63"
Jeff McNeil,MidwestBears,2B,T2,,ACTIVE,127,788.0,687,0.84,1.27,1.228,733,709,-24,1.47,1.35,-0.12,"rate-based: 6.2 vs 4.5 per appearance, w 0.65"
Rhys Hoskins,FA (CLE),1B,T2,,IL-10,95,459.0,795,0.81,1.0,0.967,644,623,-21,1.3,1.18,-0.12,"rate-based: 4.8 vs 5.2 per appearance, w 0.58"
Harrison Bader,FA (SF),CF,T1,,IL-60,30,114.0,713,0.83,1.0,0.951,592,563,-29,1.19,1.07,-0.12,"rate-based: 3.8 vs 4.6 per appearance, w 0.30"
Matt Vierling,FA (DET),CF,T2,,IL-60,84,353.0,717,0.81,1.0,0.952,581,553,-28,1.17,1.05,-0.12,"rate-based: 4.2 vs 4.7 per appearance, w 0.55"
Luis Severino,FA (ATH),SP,T2,,IL-60,12,388.0,1148,0.6153,1.0,0.972,706,687,-19,1.42,1.3,-0.12,"rate-based: 32.3 vs 34.8 per appearance, w 0.44"
JT Brubaker,FA,RP,T2,,IL-15,41,326.0,645,0.71,1.0,0.917,458,420,-38,0.92,0.8,-0.12,"rate-based: 8.0 vs 9.5 per appearance, w 0.57"
Angel Zerpa,FA,RP,T1,,IL-60,12,35.0,401,0.82,1.0,0.873,329,287,-42,0.66,0.54,-0.12,"rate-based: 2.9 vs 5.9 per appearance, w 0.28"
Sam Hentges,FA,RP,T1,,IL-15,40,229.0,477,0.82,1.0,0.907,391,355,-36,0.79,0.67,-0.12,"rate-based: 5.7 vs 7.0 per appearance, w 0.56"
Luke Raley,FA (was Kansas Sunflower Seeds),RF,T2,,IL-60,93,383.0,722.0,0.83,1.0,0.937,599,562,-37,1.2,1.07,-0.13,"rate-based: 4.1 vs 4.7 per appearance, w 0.57"
Ian Happ,MidwestBears,LF,T1,,DTD,138,868.0,952.0,0.92,1.029,1.01,901,885,-16,1.81,1.68,-0.13,"rate-based: 6.3 vs 6.2 per appearance, w 0.67"
Trent Grisham,MidwestBears,CF,T1,,IL-10,120,835.0,1086.0,0.9,1.0,0.992,977,970,-7,1.97,1.84,-0.13,"rate-based: 7.0 vs 7.1 per appearance, w 0.63"
Carlos Carrasco,FA,SP,T2,,ACTIVE,8,26.0,389,0.6258,1.0,0.773,243,188,-55,0.49,0.36,-0.13,"rate-based: 3.2 vs 11.8 per appearance, w 0.35"
Tristan Beck,FA,RP,T1,,ACTIVE,11,26.0,413,0.86,1.0,0.856,355,304,-51,0.71,0.58,-0.13,"rate-based: 2.4 vs 6.1 per appearance, w 0.26"
Spencer Steer,Dirty Spikes,1B,T1,,IL-10,98,632.0,1027.0,0.92,1.0,0.983,945,929,-16,1.9,1.76,-0.14,"rate-based: 6.4 vs 6.7 per appearance, w 0.59"
Fernando Cruz,FA,RP,T1,,IL-15,61,532.0,690.0,0.79,1.0,0.916,545,499,-46,1.1,0.95,-0.15,"rate-based: 8.7 vs 10.1 per appearance, w 0.66"
Jose Soriano,Kansas Sunflower Seeds,SP,T1,,ACTIVE,28,1079.0,1090.0,0.94,1.109,1.098,1136,1125,-11,2.28,2.13,-0.15,"rate-based: 38.5 vs 33.0 per appearance, w 0.65"
Tyler Alexander,FA (TEX),RP,T2,,ACTIVE,65,514.0,474,0.84,1.205,1.082,480,431,-49,0.97,0.82,-0.15,"rate-based: 7.9 vs 7.0 per appearance, w 0.68"
Slade Cecconi,FA (CLE),SP,T1,,ACTIVE,24,513.0,773,0.92,1.0,0.952,711,677,-34,1.43,1.28,-0.15,"rate-based: 21.4 vs 23.4 per appearance, w 0.62"
Hoby Milner,FA (CHC),RP,T1,,ACTIVE,40,183.0,451,0.81,1.0,0.843,365,308,-57,0.73,0.58,-0.15,"rate-based: 4.6 vs 6.6 per appearance, w 0.56"
Brennan Bernardino,FA,RP,T1,,ACTIVE,67,426.0,346,0.84,1.356,1.154,394,335,-59,0.79,0.64,-0.15,"rate-based: 6.4 vs 5.1 per appearance, w 0.68"
Tyler Rogers,Balking Dead,RP,T1,,ACTIVE,66,534.0,499.0,0.85,1.191,1.063,505,451,-54,1.02,0.86,-0.16,"rate-based: 8.1 vs 7.3 per appearance, w 0.68"
Max Fried,Dirty Spikes,SP,T1,,ACTIVE,17,734.0,1454.0,0.86,1.0,0.99,1250,1238,-12,2.51,2.35,-0.16,"rate-based: 43.2 vs 44.1 per appearance, w 0.53"
Jeremiah Estrada,KC Gray Hotdogs,RP,T1,,IL-15,33,321.0,774.0,0.86,1.0,0.933,666,621,-45,1.34,1.18,-0.16,"rate-based: 9.7 vs 11.4 per appearance, w 0.52"
Matt Chapman,MidwestBears,3B,T2,,IL-60,84,471.0,973,0.74,1.0,0.944,720,680,-40,1.45,1.29,-0.16,"rate-based: 5.6 vs 6.3 per appearance, w 0.55"
Christian Walker,KC Gray Hotdogs,1B,T1,,ACTIVE,138,1040.0,1103.0,0.86,1.061,1.031,1006,978,-28,2.02,1.86,-0.16,"rate-based: 7.5 vs 7.2 per appearance, w 0.67"
Kerry Carpenter,FA (DET),RF,T1,,IL-10,81,368.0,798,0.9,1.0,0.94,718,675,-43,1.44,1.28,-0.16,"rate-based: 4.5 vs 5.2 per appearance, w 0.54"
Jacob Webb,Kansas Sunflower Seeds,RP,T1,,ACTIVE,61,587.0,503,0.88,1.29,1.18,571,522,-49,1.15,0.99,-0.16,"rate-based: 9.6 vs 7.4 per appearance, w 0.66"
Ryan Thompson,FA (ARI),RP,T1,,IL-60,46,218.0,473,0.79,1.0,0.829,374,310,-64,0.75,0.59,-0.16,"rate-based: 4.7 vs 7.0 per appearance, w 0.60"
Landen Roupp,FA,SP,T1,,ACTIVE,27,888.0,616.0,0.94,1.5,1.441,869,834,-35,1.75,1.58,-0.17,"rate-based: 32.9 vs 18.7 per appearance, w 0.64"
Tanner Scott,High Cheddar,RP,T2,,ACTIVE,62,790.0,792.0,0.89,1.117,1.056,787,744,-43,1.58,1.41,-0.17,"rate-based: 12.7 vs 11.6 per appearance, w 0.67"
Xavier Edwards,MidwestBears,2B,T1,,IL-10,135,953.0,1133,0.94,1.0,0.976,1065,1039,-26,2.14,1.97,-0.17,"rate-based: 7.1 vs 7.4 per appearance, w 0.66"
Fernando Tatis Jr.,River Cats,RF,T1,,ACTIVE,141,1101.0,1248.0,0.86,0.999,0.978,1072,1050,-22,2.16,1.99,-0.17,"rate-based: 7.8 vs 8.1 per appearance, w 0.67"
Hunter Greene,River Cats,SP,T3,Established,IL-60,5,174.0,1416,0.7,1.0,0.967,991,958,-33,1.99,1.82,-0.17,"rate-based: 34.8 vs 40.9 per appearance, w 0.25"
Dustin May,Dirty Spikes,SP,T1,,ACTIVE,27,808.0,656,0.94,1.355,1.292,836,797,-39,1.68,1.51,-0.17,"rate-based: 29.9 vs 19.9 per appearance, w 0.64"
Kyle Freeland,FA (COL),SP,T2,,IL-15,24,506.0,843,0.693,1.0,0.903,584,528,-56,1.17,1.0,-0.17,"rate-based: 21.1 vs 25.5 per appearance, w 0.62"
Colton Gordon,FA,SP,T1,,ACTIVE,4,11.0,450,0.94,1.0,0.849,423,359,-64,0.85,0.68,-0.17,"rate-based: 2.8 vs 13.6 per appearance, w 0.21"
Sonny Gray,Balking Dead,SP,T1,,ACTIVE,26,1165.0,856,0.6907,1.488,1.415,880,837,-43,1.77,1.59,-0.18,"rate-based: 44.8 vs 25.9 per appearance, w 0.63"
Nico Hoerner,Dirty Spikes,2B,T1,,ACTIVE,141,1060.0,1172,0.94,1.022,0.993,1126,1094,-32,2.26,2.08,-0.18,"rate-based: 7.5 vs 7.6 per appearance, w 0.67"
Brandon Lowe,KC Gray Hotdogs,2B,T1,,ACTIVE,134,1100.0,1027,0.7656,1.192,1.137,937,894,-43,1.88,1.7,-0.18,"rate-based: 8.2 vs 6.7 per appearance, w 0.66"
Joe Ryan,Kansas Sunflower Seeds,SP,T1,,IL-15,23,973.0,1439.0,0.87,1.0,0.984,1252,1232,-20,2.52,2.34,-0.18,"rate-based: 42.3 vs 43.6 per appearance, w 0.61"
Jared Koenig,MidwestBears,RP,T1,,ACTIVE,9,9.0,477.0,0.86,1.0,0.826,410,339,-71,0.82,0.64,-0.18,"rate-based: 1.0 vs 7.0 per appearance, w 0.23"
MacKenzie Gore,Kansas Sunflower Seeds,SP,T1,,ACTIVE,30,1079.0,1177.0,0.9,1.034,1.005,1095,1065,-30,2.2,2.02,-0.18,"rate-based: 36.0 vs 35.7 per appearance, w 0.67"
Lourdes Gurriel Jr.,FA (ARI),LF,T1,,ACTIVE,47,208.0,858,0.82,1.0,0.925,704,651,-53,1.42,1.24,-0.18,"rate-based: 4.4 vs 5.6 per appearance, w 0.41"
George Soriano,Kansas Sunflower Seeds,RP,T1,,ACTIVE,64,516.0,365,0.92,1.5,1.304,504,438,-66,1.01,0.83,-0.18,"rate-based: 8.1 vs 5.4 per appearance, w 0.67"
Nick Mears,FA,RP,T1,,IL-60,21,92.0,542,0.81,1.0,0.836,439,367,-72,0.88,0.7,-0.18,"rate-based: 4.4 vs 8.0 per appearance, w 0.40"
Sean Murphy,Dirty Spikes,C,T2,,ACTIVE,20,78.0,802,0.7807,1.0,0.9,626,564,-62,1.26,1.07,-0.19,"rate-based: 3.9 vs 6.6 per appearance, w 0.27"
Michael Wacha,Kansas Sunflower Seeds,SP,T2,,ACTIVE,28,1160.0,986,0.6823,1.299,1.227,874,825,-49,1.76,1.57,-0.19,"rate-based: 41.4 vs 29.9 per appearance, w 0.65"
Michael McGreevy,FA (was Kansas Sunflower Seeds),SP,T3,Established,ACTIVE,27,747.0,588.6,0.94,1.5,1.409,830,780,-50,1.67,1.48,-0.19,"rate-based: 27.7 vs 16.2 per appearance, w 0.64"
Jason Adam,FA,RP,T1,,IL-60,36,302.0,759,0.74,1.0,0.88,562,494,-68,1.13,0.94,-0.19,"rate-based: 8.4 vs 11.2 per appearance, w 0.54"
Juan Mejia,FA (COL),RP,T3,Established,ACTIVE,57,329.0,523,0.92,1.0,0.855,481,411,-70,0.97,0.78,-0.19,"rate-based: 5.8 vs 7.7 per appearance, w 0.65"
Cole Sands,FA (MIN),RP,T1,,IL-60,13,63.0,656,0.8,1.0,0.868,525,456,-69,1.06,0.87,-0.19,"rate-based: 4.8 vs 9.6 per appearance, w 0.30"
Connor Joe,FA,RF,T2,,ACTIVE,18,22.0,595,0.92,1.0,0.873,547,478,-69,1.1,0.91,-0.19,"rate-based: 1.2 vs 3.9 per appearance, w 0.21"
Ryan Helsley,Balking Dead,RP,T2,,IL-60,17,185.0,1004.0,0.74,1.0,0.916,743,681,-62,1.49,1.29,-0.2,"rate-based: 10.9 vs 14.8 per appearance, w 0.35"
Jacob Wilson,KC Gray Hotdogs,SS,T3,Established,IL-60,80,578.0,1307,0.87,1.0,0.969,1137,1102,-35,2.29,2.09,-0.2,"rate-based: 7.2 vs 7.7 per appearance, w 0.54"
Brandon Marsh,Kansas Sunflower Seeds,LF,T1,,ACTIVE,135,777.0,672.0,0.94,1.279,1.19,808,752,-56,1.63,1.43,-0.2,"rate-based: 5.8 vs 4.4 per appearance, w 0.66"
Manny Machado,Kansas Sunflower Seeds,3B,T1,,ACTIVE,139,956.0,945,0.9,1.131,1.073,962,913,-49,1.93,1.73,-0.2,"rate-based: 6.9 vs 6.1 per appearance, w 0.67"
Patrick Corbin,FA (TOR),SP,T2,,IL-60,19,349.0,816,0.71,1.0,0.871,579,505,-74,1.16,0.96,-0.2,"rate-based: 18.4 vs 24.7 per appearance, w 0.56"
Garrett Cleavinger,High Cheddar,RP,T1,,IL-15,51,443.0,742,0.84,1.0,0.886,623,552,-71,1.25,1.05,-0.2,"rate-based: 8.7 vs 10.9 per appearance, w 0.62"
Brock Burke,Kansas Sunflower Seeds,RP,T2,,ACTIVE,71,634.0,682,0.86,1.048,0.931,615,546,-69,1.24,1.04,-0.2,"rate-based: 8.9 vs 10.0 per appearance, w 0.70"
Chandler Simpson,Kansas Sunflower Seeds,CF,T3,Established,ACTIVE,133,792.0,721,0.96,1.276,1.199,883,830,-53,1.78,1.57,-0.21,"rate-based: 6.0 vs 4.5 per appearance, w 0.66"
Kevin Kelly,River Cats,RP,T1,,ACTIVE,63,703.0,612.0,0.9,1.271,1.145,700,631,-69,1.41,1.2,-0.21,"rate-based: 11.2 vs 9.0 per appearance, w 0.67"
Devin Williams,MidwestBears,RP,T1,,IL-15,42,439.0,871.0,0.82,1.0,0.905,714,646,-68,1.44,1.23,-0.21,"rate-based: 10.5 vs 12.8 per appearance, w 0.58"
Ha-Seong Kim,FA (ATL),SS,T2,,ACTIVE,35,56.0,594,0.79,1.0,0.823,469,386,-83,0.94,0.73,-0.21,"rate-based: 1.6 vs 3.9 per appearance, w 0.34"
Michael Harris II,Kansas Sunflower Seeds,CF,T3,Established,ACTIVE,137,1012.0,1032,0.91,1.149,1.094,1079,1027,-52,2.17,1.95,-0.22,"rate-based: 7.4 vs 6.4 per appearance, w 0.67"
Abner Uribe,C-Town Liquors,RP,T3,Established,ACTIVE,52,604.0,971.9,0.85,1.0,0.917,826,758,-68,1.66,1.44,-0.22,"rate-based: 11.6 vs 13.6 per appearance, w 0.63"
Luis Robert Jr.,FA (NYM),CF,T2,,IL-10,60,325.0,1023,0.83,1.0,0.923,849,784,-65,1.71,1.49,-0.22,"rate-based: 5.4 vs 6.6 per appearance, w 0.47"
Danny Jansen,FA (TEX),C,T1,,ACTIVE,52,146.0,562,0.87,1.0,0.825,489,403,-86,0.98,0.76,-0.22,"rate-based: 2.8 vs 4.6 per appearance, w 0.49"
Justin Sterner,MidwestBears,RP,T1,,IL-60,46,275.0,588,0.85,1.0,0.834,500,417,-83,1.01,0.79,-0.22,"rate-based: 6.0 vs 8.6 per appearance, w 0.60"
Jordan Leasure,FA (CHW),RP,T1,,IL-60,18,106.0,697,0.82,1.0,0.859,572,491,-81,1.15,0.93,-0.22,"rate-based: 5.9 vs 10.2 per appearance, w 0.37"
Brendon Little,FA (TOR),RP,T1,,ACTIVE,24,126.0,598,0.91,1.0,0.842,544,458,-86,1.09,0.87,-0.22,"rate-based: 5.2 vs 8.8 per appearance, w 0.44"
Alex Bregman,Dirty Spikes,3B,T2,,ACTIVE,141,1188.0,1227,0.84,1.087,1.035,1120,1067,-53,2.25,2.02,-0.23,"rate-based: 8.4 vs 8.0 per appearance, w 0.67"
Dylan Cease,River Cats,SP,T1,,ACTIVE,26,1711.0,1434.0,0.84,1.316,1.294,1585,1559,-26,3.19,2.96,-0.23,"rate-based: 65.8 vs 43.5 per appearance, w 0.63"
Tyler O'Neill,FA (BAL),RF,T2,,IL-10,83,325.0,840,0.722,1.0,0.861,606,522,-84,1.22,0.99,-0.23,"rate-based: 3.9 vs 5.5 per appearance, w 0.55"
Tanner Banks,FA (PHI),RP,T1,,IL-60,28,107.0,551,0.78,1.0,0.774,430,333,-97,0.86,0.63,-0.23,"rate-based: 3.8 vs 8.1 per appearance, w 0.47"
Josh Smith,FA (was Balking Dead),SS,T1,,ACTIVE,61,242.0,813.0,0.94,1.0,0.895,764,684,-80,1.54,1.3,-0.24,"rate-based: 4.0 vs 5.3 per appearance, w 0.47"
Riley Greene,Dirty Spikes,LF,T3,Established,ACTIVE,122,830.0,1211.5,0.94,1.0,0.947,1139,1078,-61,2.29,2.05,-0.24,"rate-based: 6.8 vs 7.5 per appearance, w 0.64"
Drake Baldwin,KC Gray Hotdogs,C,T3,Established,ACTIVE,120,919.0,1115.7,0.94,0.982,0.921,1030,966,-64,2.07,1.83,-0.24,"rate-based: 7.7 vs 8.8 per appearance, w 0.69"
Cade Smith,KC Gray Hotdogs,RP,T3,Established,ACTIVE,60,1052.0,1042.0,0.92,1.181,1.12,1132,1074,-58,2.28,2.04,-0.24,"rate-based: 17.5 vs 14.6 per appearance, w 0.66"
Mason Miller,River Cats,RP,T1,,ACTIVE,57,1202.0,1031.0,0.87,1.289,1.228,1156,1101,-55,2.33,2.09,-0.24,"rate-based: 21.1 vs 15.2 per appearance, w 0.65"
Braydon Fisher,FA (TOR),RP,T3,Established,ACTIVE,69,560.0,562,0.92,1.217,1.05,629,543,-86,1.27,1.03,-0.24,"rate-based: 8.1 vs 7.5 per appearance, w 0.69"
Tyler Soderstrom,Kansas Sunflower Seeds,LF,T3,Established,IL-60,109,802.0,1369.7,0.87,1.0,0.95,1192,1132,-60,2.4,2.15,-0.25,"rate-based: 7.4 vs 8.1 per appearance, w 0.61"
Nick Pivetta,MidwestBears,SP,T1,,IL-60,4,153.0,1618.0,0.78,1.0,0.958,1262,1209,-53,2.54,2.29,-0.25,"rate-based: 38.2 vs 49.0 per appearance, w 0.21"
Edward Cabrera,FA (CHC),SP,T1,,IL-15,15,369.0,1013,0.88,1.0,0.911,891,812,-79,1.79,1.54,-0.25,"rate-based: 24.6 vs 30.7 per appearance, w 0.50"
Michael Busch,Balking Dead,1B,T1,,ACTIVE,142,1079.0,1098.0,0.96,1.102,1.04,1162,1096,-66,2.34,2.08,-0.26,"rate-based: 7.6 vs 7.1 per appearance, w 0.67"
Matt Olson,Dirty Spikes,1B,T1,,ACTIVE,143,1322.0,1463.0,0.92,1.022,0.984,1376,1324,-52,2.77,2.51,-0.26,"rate-based: 9.2 vs 9.5 per appearance, w 0.67"
Pete Alonso,MidwestBears,1B,T1,,ACTIVE,144,1316.0,1481.0,0.94,1.006,0.97,1400,1350,-50,2.82,2.56,-0.26,"rate-based: 9.1 vs 9.6 per appearance, w 0.68"
Jonathan Aranda,KC Gray Hotdogs,1B,T1,,ACTIVE,139,1078.0,722.0,0.96,1.5,1.393,1040,966,-74,2.09,1.83,-0.26,"rate-based: 7.8 vs 4.7 per appearance, w 0.67"
Jake McCarthy,KC Gray Hotdogs,LF,T2,,ACTIVE,127,1051.0,800,0.96,1.44,1.346,1106,1034,-72,2.22,1.96,-0.26,"rate-based: 8.3 vs 5.2 per appearance, w 0.65"
Randy Arozarena,Dirty Spikes,LF,T1,,ACTIVE,136,1097.0,970.0,0.92,1.253,1.168,1118,1042,-76,2.25,1.98,-0.27,"rate-based: 8.1 vs 6.3 per appearance, w 0.66"
Brent Rooker,FA (was High Cheddar),DH,T1,,IL-60,48,265.0,1132.0,0.82,1.0,0.908,928,843,-85,1.87,1.6,-0.27,"rate-based: 5.5 vs 7.4 per appearance, w 0.41"
Miguel Andujar,FA (SD),3B,T2,,IL-10,74,327.0,975,0.7168,1.0,0.859,699,600,-99,1.41,1.14,-0.27,"rate-based: 4.4 vs 6.3 per appearance, w 0.52"
Will Vest,FA (DET),RP,T1,,IL-60,27,166.0,732,0.81,1.0,0.82,593,486,-107,1.19,0.92,-0.27,"rate-based: 6.1 vs 10.8 per appearance, w 0.47"
Travis d'Arnaud,FA,C,T2,,ACTIVE,27,40.0,658,0.76,1.0,0.782,500,391,-109,1.01,0.74,-0.27,"rate-based: 1.5 vs 5.4 per appearance, w 0.33"
Yariel Rodriguez,FA,RP,T1,,DTD,10,2.0,569,0.92,1.0,0.786,523,411,-112,1.05,0.78,-0.27,"rate-based: 0.2 vs 8.4 per appearance, w 0.24"
Dylan Lee,Balking Dead,RP,T1,,ACTIVE,66,777.0,663.0,0.91,1.295,1.127,781,680,-101,1.57,1.29,-0.28,"rate-based: 11.8 vs 9.8 per appearance, w 0.68"
Mark Vientos,FA (was High Cheddar),3B,T1,,ACTIVE,78,377.0,972,0.92,1.0,0.888,894,794,-100,1.8,1.51,-0.29,"rate-based: 4.8 vs 6.3 per appearance, w 0.53"
Brendan Donovan,FA (SEA),2B,T1,,IL-7,39,193.0,1111,0.86,1.0,0.898,955,858,-97,1.92,1.63,-0.29,"rate-based: 4.9 vs 7.2 per appearance, w 0.36"
Shawn Armstrong,FA,RP,T1,,IL-60,38,236.0,758.0,0.73,1.0,0.78,553,432,-121,1.11,0.82,-0.29,"rate-based: 6.2 vs 11.1 per appearance, w 0.55"
Cristopher Sanchez,MidwestBears,SP,T1,,ACTIVE,29,1656.0,1682.0,0.91,1.104,1.071,1690,1639,-51,3.4,3.11,-0.29,"rate-based: 57.1 vs 51.0 per appearance, w 0.66"
William Contreras,River Cats,C,T1,,ACTIVE,132,993.0,1311,0.96,0.872,0.805,1097,1013,-84,2.21,1.92,-0.29,"rate-based: 7.5 vs 10.8 per appearance, w 0.71"
Jorge Polanco,FA (NYM),DH,T2,,IL-60,37,62.0,796,0.703,1.0,0.788,560,441,-119,1.13,0.84,-0.29,"rate-based: 1.7 vs 5.2 per appearance, w 0.35"
Aaron Ashby,Dirty Spikes,RP,T1,,ACTIVE,67,852.0,719.0,0.85,1.308,1.125,799,688,-111,1.61,1.31,-0.3,"rate-based: 12.7 vs 10.6 per appearance, w 0.68"
Luis Arraez,High Cheddar,DH,T1,,ACTIVE,135,1129.0,952.0,0.92,1.309,1.21,1146,1060,-86,2.31,2.01,-0.3,"rate-based: 8.4 vs 6.2 per appearance, w 0.66"
Spencer Arrighetti,FA (was KC Gray Hotdogs),SP,T3,Established,ACTIVE,21,575.0,1161.0,0.85,1.0,0.904,987,892,-95,1.99,1.69,-0.3,"rate-based: 27.4 vs 33.5 per appearance, w 0.58"
Yandy Diaz,MidwestBears,DH,T1,,ACTIVE,138,1150.0,1027.0,0.92,1.242,1.15,1173,1087,-86,2.36,2.06,-0.3,"rate-based: 8.3 vs 6.7 per appearance, w 0.67"
Adrian Morejon,Dirty Spikes,RP,T1,,ACTIVE,66,841.0,746.0,0.92,1.25,1.099,858,754,-104,1.73,1.43,-0.3,"rate-based: 12.7 vs 11.0 per appearance, w 0.68"
Jeffrey Springs,FA (ATH),SP,T1,,ACTIVE,26,500.0,908,0.74,1.0,0.828,672,556,-116,1.35,1.05,-0.3,"rate-based: 19.2 vs 27.5 per appearance, w 0.63"
Shane McClanahan,High Cheddar,SP,T1,,IL-15,24,837.0,1445.0,0.659,1.0,0.887,952,845,-107,1.91,1.6,-0.31,"rate-based: 34.9 vs 43.8 per appearance, w 0.62"
Jesus Luzardo,KC Gray Hotdogs,SP,T1,,ACTIVE,28,1597.0,1456.0,0.94,1.218,1.172,1667,1604,-63,3.35,3.04,-0.31,"rate-based: 57.0 vs 44.1 per appearance, w 0.65"
Drew Rasmussen,MidwestBears,SP,T1,,ACTIVE,27,1353.0,1041.0,0.91,1.425,1.341,1350,1270,-80,2.72,2.41,-0.31,"rate-based: 50.1 vs 31.5 per appearance, w 0.64"
Willy Adames,MidwestBears,SS,T1,,IL-10,121,766.0,1169.0,0.92,1.0,0.905,1075,973,-102,2.16,1.85,-0.31,"rate-based: 6.3 vs 7.6 per appearance, w 0.64"
Masyn Winn,MidwestBears,SS,T3,Established,IL-10,120,753.0,1254,0.9,1.0,0.913,1129,1030,-99,2.27,1.95,-0.32,"rate-based: 6.3 vs 7.4 per appearance, w 0.63"
Aaron Judge,High Cheddar,RF,T1,,IL-60,59,531.0,1686.0,0.78,1.0,0.926,1315,1218,-97,2.64,2.31,-0.33,"rate-based: 9.0 vs 10.9 per appearance, w 0.46"
Yusei Kikuchi,FA (LAA),SP,T1,,ACTIVE,10,270.0,1273,0.8,1.0,0.892,1018,908,-110,2.05,1.72,-0.33,"rate-based: 27.0 vs 38.6 per appearance, w 0.40"
Mason Fluharty,FA (TOR),RP,T3,Established,ACTIVE,75,549.0,500,0.92,1.388,1.092,638,502,-136,1.28,0.95,-0.33,"rate-based: 7.3 vs 6.4 per appearance, w 0.71"
Rafael Devers,MidwestBears,DH,T1,,ACTIVE,144,1246.0,1175.0,0.9,1.182,1.082,1250,1144,-106,2.51,2.17,-0.34,"rate-based: 8.7 vs 7.6 per appearance, w 0.68"
Yoan Moncada,FA (LAA),3B,T2,,IL-60,41,79.0,906,0.6894,1.0,0.774,625,483,-142,1.26,0.92,-0.34,"rate-based: 1.9 vs 5.9 per appearance, w 0.37"
Keegan Akin,Balking Dead,RP,T1,,IL-60,24,79.0,715.0,0.77,1.0,0.73,551,402,-149,1.11,0.76,-0.35,"rate-based: 3.3 vs 10.5 per appearance, w 0.44"
Sal Frelick,MidwestBears,RF,T1,,ACTIVE,97,517.0,1075.0,0.94,1.0,0.876,1010,885,-125,2.03,1.68,-0.35,"rate-based: 5.3 vs 7.0 per appearance, w 0.58"
Ke'Bryan Hayes,FA (CIN),3B,T2,,IL-10,66,177.0,792,0.86,1.0,0.789,681,537,-144,1.37,1.02,-0.35,"rate-based: 2.7 vs 5.1 per appearance, w 0.49"
Eric Lauer,FA (LAD),SP,T1,,IL-15,22,449.0,957,0.87,1.0,0.841,833,700,-133,1.68,1.33,-0.35,"rate-based: 20.4 vs 29.0 per appearance, w 0.59"
Luis Medina,FA (ATH),SP,T1,,ACTIVE,49,559.0,535,0.79,1.165,0.796,492,336,-156,0.99,0.64,-0.35,"rate-based: 11.4 vs 16.2 per appearance, w 0.77"
Taijuan Walker,FA (LAA),SP,T2,,ACTIVE,5,5.0,797,0.84,1.0,0.784,669,525,-144,1.35,1.0,-0.35,"rate-based: 1.0 vs 24.2 per appearance, w 0.25"
Otto Lopez,Dirty Spikes,SS,T1,,ACTIVE,140,1153.0,983.0,0.96,1.296,1.175,1223,1109,-114,2.46,2.1,-0.36,"rate-based: 8.2 vs 6.4 per appearance, w 0.67"
Cole Ragans,FA (was Kansas Sunflower Seeds),SP,T1,,IL-60,8,249.0,1567.0,0.72,1.0,0.892,1128,1006,-122,2.27,1.91,-0.36,"rate-based: 31.1 vs 47.5 per appearance, w 0.35"
Lenyn Sosa,FA (TOR),2B,T1,,ACTIVE,39,133.0,990,0.91,1.0,0.847,901,763,-138,1.81,1.45,-0.36,"rate-based: 3.4 vs 6.4 per appearance, w 0.36"
Christopher Morel,FA (MIA),LF,T1,,ACTIVE,30,24.0,707,0.94,1.0,0.775,665,515,-150,1.34,0.98,-0.36,"rate-based: 0.8 vs 4.6 per appearance, w 0.30"
Will Smith,Balking Dead,C,T1,,ACTIVE,58,327.0,1021,0.87,1.0,0.845,888,751,-137,1.79,1.42,-0.37,"rate-based: 5.6 vs 8.4 per appearance, w 0.52"
Edwin Diaz,KC Gray Hotdogs,RP,T1,,IL-15,16,76.0,1048.0,0.69,1.0,0.788,723,570,-153,1.45,1.08,-0.37,"rate-based: 4.8 vs 15.4 per appearance, w 0.34"
Shane Smith,FA (CHW),SP,T3,Established,ACTIVE,3,5.0,1038,0.94,1.0,0.858,976,837,-139,1.96,1.59,-0.37,"rate-based: 1.7 vs 30.0 per appearance, w 0.17"
Wilyer Abreu,Kansas Sunflower Seeds,RF,T1,,ACTIVE,140,1026.0,759.0,0.96,1.478,1.294,1077,943,-134,2.17,1.79,-0.38,"rate-based: 7.3 vs 4.9 per appearance, w 0.67"
Ryan McMahon,FA (NYY),3B,T1,,ACTIVE,104,314.0,785,0.92,1.0,0.779,722,563,-159,1.45,1.07,-0.38,"rate-based: 3.0 vs 5.1 per appearance, w 0.60"
Shohei Ohtani,Kansas Sunflower Seeds,DH,T1,,DTD,129,2010.0,1769.0,0.94,1.258,1.209,2092,2010,-82,4.21,3.81,-0.4,"rate-based: 15.6 vs 11.5 per appearance, w 0.65"
Ben Rice,C-Town Liquors,DH,T1,,ACTIVE,137,1224.0,941.0,0.96,1.427,1.277,1289,1154,-135,2.59,2.19,-0.4,"rate-based: 8.9 vs 6.1 per appearance, w 0.67"
Juan Soto,River Cats,RF,T1,,ACTIVE,92,837.0,1657.0,0.92,1.0,0.921,1524,1404,-120,3.07,2.66,-0.41,"rate-based: 9.1 vs 10.8 per appearance, w 0.57"
Shane Bieber,FA (TOR),SP,T2,,IL-15,11,296.0,1482,0.6868,1.0,0.847,1018,862,-156,2.05,1.64,-0.41,"rate-based: 26.9 vs 44.9 per appearance, w 0.42"
Yordan Alvarez,High Cheddar,LF,T2,,ACTIVE,142,1442.0,1233,0.85,1.293,1.163,1355,1219,-136,2.73,2.31,-0.42,"rate-based: 10.2 vs 8.0 per appearance, w 0.67"
Luis Gil,FA (NYY),SP,T1,,ACTIVE,5,58.0,1177,0.89,1.0,0.848,1048,888,-160,2.11,1.68,-0.43,"rate-based: 11.6 vs 35.7 per appearance, w 0.25"
James Outman,FA,CF,T2,,ACTIVE,71,161.0,790,0.94,1.0,0.745,743,553,-190,1.49,1.05,-0.44,"rate-based: 2.3 vs 5.1 per appearance, w 0.51"
Bailey Falter,FA,SP,T1,,ACTIVE,5,-57.0,636,0.87,1.0,0.642,553,355,-198,1.11,0.67,-0.44,"rate-based: -11.4 vs 19.3 per appearance, w 0.25"
Tony Santillan,FA (CIN),RP,T1,,ACTIVE,40,215.0,799,0.89,1.0,0.725,711,516,-195,1.43,0.98,-0.45,"rate-based: 5.4 vs 11.8 per appearance, w 0.56"
Mitch Keller,FA,SP,T2,,IL-60,22,519.0,1211.0,0.81,1.0,0.809,981,794,-187,1.97,1.51,-0.46,"rate-based: 23.6 vs 36.7 per appearance, w 0.59"
Maikel Garcia,C-Town Liquors,3B,T1,,IL-10,73,462.0,1375,0.92,1.0,0.865,1265,1094,-171,2.54,2.08,-0.46,"rate-based: 6.3 vs 8.9 per appearance, w 0.51"
Hunter Goodman,Dirty Spikes,C,T1,,ACTIVE,123,876.0,1165,0.96,1.0,0.837,1118,936,-182,2.25,1.78,-0.47,"rate-based: 7.1 vs 9.6 per appearance, w 0.69"
Jack Flaherty,MidwestBears,SP,T2,,IL-15,19,599.0,1531.0,0.75,1.0,0.839,1148,963,-185,2.31,1.83,-0.48,"rate-based: 31.5 vs 46.4 per appearance, w 0.56"
Spencer Strider,Dirty Spikes,SP,T1,,IL-60,8,280.0,2010.0,0.6807,1.0,0.867,1368,1186,-182,2.75,2.25,-0.5,"rate-based: 35.0 vs 60.9 per appearance, w 0.35"
Reynaldo Lopez,FA (ATL),SP,T2,,IL-15,24,470.0,1121,0.79,1.0,0.765,886,677,-209,1.78,1.28,-0.5,"rate-based: 19.6 vs 34.0 per appearance, w 0.62"
Lucas Giolito,FA (SD),SP,T2,,IL-60,7,63.0,1297,0.73,1.0,0.779,947,738,-209,1.9,1.4,-0.5,"rate-based: 9.0 vs 39.3 per appearance, w 0.32"
Adolis Garcia,FA (was Kansas Sunflower Seeds),RF,T2,,IL-60,67,214.0,1113,0.78,1.0,0.753,868,654,-214,1.75,1.24,-0.51,"rate-based: 3.2 vs 7.2 per appearance, w 0.49"
Chad Patrick,FA (MIL),SP,T1,,ACTIVE,49,747.0,836,0.94,1.011,0.726,794,571,-223,1.6,1.08,-0.52,"rate-based: 15.2 vs 25.3 per appearance, w 0.77"
Tyler Wells,FA (BAL),SP,T2,,ACTIVE,55,742.0,650,0.81,1.264,0.777,665,409,-256,1.34,0.78,-0.56,"rate-based: 13.5 vs 19.7 per appearance, w 0.79"
Jose Suarez,FA,SP,T1,,ACTIVE,45,310.0,669,0.87,1.0,0.554,582,322,-260,1.17,0.61,-0.56,"rate-based: 6.9 vs 20.3 per appearance, w 0.75"
Garrett Crochet,River Cats,SP,T1,,IL-60,6,198.0,2077.0,0.79,1.0,0.878,1641,1441,-200,3.3,2.73,-0.57,"rate-based: 33.0 vs 62.9 per appearance, w 0.29"
Cristian Javier,FA (HOU),SP,T2,,ACTIVE,14,242.0,1374,0.7426,1.0,0.746,1020,761,-259,2.05,1.44,-0.61,"rate-based: 17.3 vs 41.6 per appearance, w 0.48"
Zac Gallen,FA (was Balking Dead),SP,T2,,IL-60,19,242.0,1436,0.79,1.0,0.644,1134,731,-403,2.28,1.39,-0.89,"rate-based: 12.7 vs 43.5 per appearance, w 0.56"
